epoch,batch,train_loss,train_accuracy,test_loss,test_accuracy,test_precision,test_recall,test_f1-score
0,0.0,3.7716286,0.03125,,,,,
1,2.0,2.9458895,0.21875,,,,,
1,3.0,3.7175756,0.09375,,,,,
1,4.0,3.434482,0.09375,,,,,
1,5.0,3.1134028,0.21875,,,,,
1,6.0,3.2682123,0.15625,,,,,
1,7.0,3.4536645,0.125,,,,,
1,8.0,3.4457555,0.0625,,,,,
1,9.0,2.8274546,0.125,,,,,
1,10.0,2.6671314,0.28125,,,,,
1,11.0,2.8181608,0.125,,,,,
1,12.0,2.856321,0.25,,,,,
1,13.0,2.4942138,0.3125,,,,,
1,14.0,2.8967872,0.15625,,,,,
1,15.0,2.9710078,0.1875,,,,,
1,16.0,2.7147987,0.21875,,,,,
1,17.0,2.6221328,0.15625,,,,,
1,18.0,2.708147,0.25,,,,,
1,19.0,2.9226394,0.15625,,,,,
1,20.0,2.7760212,0.09375,,,,,
1,21.0,2.8664958,0.1875,,,,,
1,22.0,2.7884355,0.15625,,,,,
1,23.0,2.7099264,0.09375,,,,,
1,24.0,2.536051,0.1875,,,,,
1,25.0,3.0202672,0.15625,,,,,
1,26.0,2.7467697,0.15625,,,,,
1,27.0,2.7112353,0.1875,,,,,
1,28.0,2.654162,0.15625,,,,,
1,29.0,2.8441753,0.15625,,,,,
1,30.0,2.4333284,0.3125,,,,,
1,31.0,2.5338004,0.21875,,,,,
1,32.0,2.7950282,0.15625,,,,,
1,33.0,2.6175516,0.09375,,,,,
1,34.0,2.7634008,0.1875,,,,,
1,35.0,2.564838,0.28125,,,,,
1,36.0,3.049134,0.0625,,,,,
1,37.0,2.7721171,0.21875,,,,,
1,38.0,2.7063622,0.1875,,,,,
1,39.0,3.0600946,0.03125,,,,,
1,40.0,2.40311,0.28125,,,,,
1,41.0,2.5512862,0.125,,,,,
1,42.0,2.6901138,0.15625,,,,,
1,43.0,2.5231643,0.1875,,,,,
1,44.0,2.3989604,0.25,,,,,
1,45.0,2.3392787,0.28125,,,,,
1,46.0,2.2468266,0.3125,,,,,
1,47.0,2.7021,0.125,,,,,
1,48.0,2.5059762,0.28125,,,,,
1,49.0,2.1449492,0.40625,,,,,
1,50.0,2.5508842,0.15625,,,,,
1,51.0,2.4138043,0.25,,,,,
1,52.0,2.2169838,0.25,,,,,
1,53.0,2.35042,0.25,,,,,
1,54.0,2.3109577,0.1875,,,,,
1,55.0,2.2080693,0.34375,,,,,
1,56.0,2.2645333,0.21875,,,,,
1,57.0,2.3894854,0.28125,,,,,
1,58.0,2.739137,0.1875,,,,,
1,59.0,2.464869,0.25,,,,,
1,60.0,2.4182243,0.25,,,,,
1,61.0,2.3691375,0.25,,,,,
1,62.0,2.4466124,0.25,,,,,
1,63.0,2.493408,0.21875,,,,,
1,64.0,2.3186507,0.34375,,,,,
1,65.0,2.130221,0.28125,,,,,
1,66.0,2.1188953,0.28125,,,,,
1,67.0,2.2521584,0.21875,,,,,
1,68.0,1.996323,0.4375,,,,,
1,69.0,1.9846177,0.34375,,,,,
1,70.0,2.8579128,0.125,,,,,
1,71.0,1.8665354,0.4375,,,,,
1,72.0,2.1472576,0.34375,,,,,
1,73.0,2.4006524,0.375,,,,,
1,74.0,2.3698707,0.3125,,,,,
1,75.0,2.2402616,0.21875,,,,,
1,76.0,2.337978,0.4166666666666667,,,,,
1,,,,4.9031415,0.14745762711864407,0.2080547961411253,0.14875,0.1295716952515134
1,77.0,2.074744,0.3125,,,,,
1,78.0,2.5998049,0.34375,,,,,
1,79.0,1.8539209,0.46875,,,,,
1,80.0,2.3188155,0.28125,,,,,
1,81.0,2.0785854,0.25,,,,,
1,82.0,2.2264938,0.25,,,,,
1,83.0,2.179424,0.34375,,,,,
1,84.0,2.05927,0.28125,,,,,
1,85.0,2.4653022,0.28125,,,,,
1,86.0,2.4709003,0.15625,,,,,
1,87.0,2.358094,0.1875,,,,,
1,88.0,2.1657357,0.375,,,,,
1,89.0,2.0117667,0.3125,,,,,
1,90.0,2.4525683,0.28125,,,,,
1,91.0,2.0674095,0.25,,,,,
1,92.0,2.4034603,0.1875,,,,,
1,93.0,2.7582107,0.15625,,,,,
1,94.0,2.0179894,0.40625,,,,,
1,95.0,2.4831357,0.21875,,,,,
1,96.0,2.07831,0.4375,,,,,
1,97.0,1.8715923,0.46875,,,,,
1,98.0,2.2153795,0.25,,,,,
1,99.0,1.8559432,0.3125,,,,,
1,100.0,2.3294113,0.1875,,,,,
1,101.0,2.2173069,0.15625,,,,,
1,102.0,2.1928902,0.25,,,,,
1,103.0,1.9282454,0.40625,,,,,
1,104.0,2.3235743,0.21875,,,,,
1,105.0,2.2355883,0.3125,,,,,
1,106.0,2.1708522,0.40625,,,,,
1,107.0,2.5816112,0.28125,,,,,
1,108.0,2.5108738,0.25,,,,,
1,109.0,2.1486943,0.34375,,,,,
1,110.0,1.6988199,0.59375,,,,,
1,111.0,2.125266,0.40625,,,,,
1,112.0,1.7388563,0.5,,,,,
1,113.0,2.1387093,0.28125,,,,,
1,114.0,2.1978498,0.3125,,,,,
1,115.0,1.9626806,0.375,,,,,
1,116.0,2.64143,0.25,,,,,
1,117.0,1.770773,0.46875,,,,,
1,118.0,1.958319,0.34375,,,,,
1,119.0,1.9824647,0.34375,,,,,
1,120.0,2.2936382,0.34375,,,,,
1,121.0,2.0857813,0.34375,,,,,
1,122.0,1.7418659,0.4375,,,,,
1,123.0,2.1158435,0.28125,,,,,
1,124.0,1.8812734,0.3125,,,,,
1,125.0,1.8348763,0.40625,,,,,
1,126.0,2.6374085,0.15625,,,,,
1,127.0,2.363194,0.25,,,,,
1,128.0,2.0088673,0.40625,,,,,
1,129.0,1.8460522,0.40625,,,,,
1,130.0,2.0172346,0.40625,,,,,
1,131.0,2.3951163,0.25,,,,,
1,132.0,1.8025733,0.375,,,,,
1,133.0,1.9074814,0.25,,,,,
1,134.0,2.337763,0.25,,,,,
1,135.0,2.0289702,0.3125,,,,,
1,136.0,1.8520995,0.375,,,,,
1,137.0,2.1374996,0.28125,,,,,
1,138.0,1.7333788,0.46875,,,,,
1,139.0,1.4677496,0.46875,,,,,
1,140.0,1.6460527,0.4375,,,,,
1,141.0,1.9060354,0.375,,,,,
1,142.0,1.9435282,0.34375,,,,,
1,143.0,1.4666235,0.53125,,,,,
1,144.0,2.0509508,0.40625,,,,,
1,145.0,1.9928048,0.4375,,,,,
1,146.0,2.1374588,0.3125,,,,,
1,147.0,1.8495606,0.40625,,,,,
1,148.0,1.8816524,0.375,,,,,
1,149.0,1.8470682,0.3125,,,,,
1,150.0,1.755366,0.4166666666666667,,,,,
1,,,,2.4062536,0.3169491525423729,0.3384440990383116,0.3125,0.26129829084841394
2,151.0,2.1827538,0.34375,,,,,
2,152.0,2.0473578,0.28125,,,,,
2,153.0,2.2020404,0.25,,,,,
2,154.0,1.5799387,0.53125,,,,,
2,155.0,1.6232735,0.46875,,,,,
2,156.0,1.7027352,0.40625,,,,,
2,157.0,2.0590034,0.375,,,,,
2,158.0,1.9245281,0.375,,,,,
2,159.0,1.6803949,0.375,,,,,
2,160.0,1.953161,0.46875,,,,,
2,161.0,2.0136101,0.375,,,,,
2,162.0,1.7782879,0.5,,,,,
2,163.0,2.0177238,0.40625,,,,,
2,164.0,1.694736,0.40625,,,,,
2,165.0,1.617629,0.4375,,,,,
2,166.0,1.7615982,0.3125,,,,,
2,167.0,1.901445,0.40625,,,,,
2,168.0,1.8542591,0.46875,,,,,
2,169.0,1.8628131,0.375,,,,,
2,170.0,1.8968346,0.4375,,,,,
2,171.0,1.7461197,0.40625,,,,,
2,172.0,1.7024052,0.40625,,,,,
2,173.0,1.9270648,0.3125,,,,,
2,174.0,1.7139723,0.5,,,,,
2,175.0,2.2783155,0.375,,,,,
2,176.0,1.740036,0.40625,,,,,
2,177.0,1.9727473,0.4375,,,,,
2,178.0,1.9212307,0.4375,,,,,
2,179.0,1.5478648,0.4375,,,,,
2,180.0,2.1595762,0.4375,,,,,
2,181.0,2.2181475,0.34375,,,,,
2,182.0,1.5704771,0.5625,,,,,
2,183.0,1.3973322,0.65625,,,,,
2,184.0,1.3206997,0.53125,,,,,
2,185.0,1.2654498,0.59375,,,,,
2,186.0,1.6988975,0.46875,,,,,
2,187.0,1.9542774,0.34375,,,,,
2,188.0,1.436805,0.40625,,,,,
2,189.0,1.4465818,0.53125,,,,,
2,190.0,1.4682765,0.5625,,,,,
2,191.0,2.3782327,0.28125,,,,,
2,192.0,1.2882032,0.5625,,,,,
2,193.0,1.8564779,0.4375,,,,,
2,194.0,1.7539583,0.5,,,,,
2,195.0,1.8139313,0.40625,,,,,
2,196.0,2.875189,0.15625,,,,,
2,197.0,2.3728886,0.34375,,,,,
2,198.0,1.7273929,0.4375,,,,,
2,199.0,1.969776,0.3125,,,,,
2,200.0,2.7926323,0.1875,,,,,
2,201.0,2.418385,0.15625,,,,,
2,202.0,2.1382065,0.40625,,,,,
2,203.0,2.2114227,0.40625,,,,,
2,204.0,1.9349322,0.46875,,,,,
2,205.0,1.4738252,0.46875,,,,,
2,206.0,1.9361818,0.34375,,,,,
2,207.0,1.8276898,0.25,,,,,
2,208.0,1.5676808,0.5,,,,,
2,209.0,1.6988449,0.46875,,,,,
2,210.0,1.6851071,0.40625,,,,,
2,211.0,1.7229879,0.3125,,,,,
2,212.0,1.7714723,0.5625,,,,,
2,213.0,1.9867045,0.40625,,,,,
2,214.0,1.8574024,0.3125,,,,,
2,215.0,1.8286623,0.53125,,,,,
2,216.0,1.6090997,0.5,,,,,
2,217.0,1.9475572,0.34375,,,,,
2,218.0,1.7651707,0.4375,,,,,
2,219.0,1.7863438,0.28125,,,,,
2,220.0,1.5203463,0.46875,,,,,
2,221.0,1.7110125,0.46875,,,,,
2,222.0,1.8292345,0.40625,,,,,
2,223.0,1.5265727,0.53125,,,,,
2,224.0,1.3636556,0.4583333333333333,,,,,
2,,,,2.9799676,0.31186440677966104,0.4729536859602627,0.3179166666666667,0.29804089684283286
3,225.0,1.1520195,0.625,,,,,
3,226.0,1.530778,0.375,,,,,
3,227.0,1.7422695,0.46875,,,,,
3,228.0,2.103209,0.34375,,,,,
3,229.0,1.8533688,0.375,,,,,
3,230.0,1.4476299,0.5,,,,,
3,231.0,1.4762261,0.46875,,,,,
3,232.0,1.4880594,0.5,,,,,
3,233.0,1.5283252,0.5625,,,,,
3,234.0,1.5709054,0.46875,,,,,
3,235.0,1.4933268,0.5625,,,,,
3,236.0,1.8505732,0.46875,,,,,
3,237.0,1.6508693,0.46875,,,,,
3,238.0,1.8016083,0.4375,,,,,
3,239.0,1.9985406,0.40625,,,,,
3,240.0,2.0889163,0.28125,,,,,
3,241.0,1.6425859,0.46875,,,,,
3,242.0,1.4034116,0.5625,,,,,
3,243.0,1.9652677,0.4375,,,,,
3,244.0,1.6596538,0.5,,,,,
3,245.0,1.7433231,0.4375,,,,,
3,246.0,2.4286559,0.34375,,,,,
3,247.0,1.5787039,0.5,,,,,
3,248.0,2.1782134,0.375,,,,,
3,249.0,1.8749367,0.3125,,,,,
3,250.0,1.6294805,0.40625,,,,,
3,251.0,1.9921948,0.375,,,,,
3,252.0,1.4029293,0.5625,,,,,
3,253.0,1.583845,0.40625,,,,,
3,254.0,1.7933567,0.40625,,,,,
3,255.0,1.457619,0.46875,,,,,
3,256.0,1.2416326,0.625,,,,,
3,257.0,2.0584462,0.46875,,,,,
3,258.0,1.8705417,0.34375,,,,,
3,259.0,1.6387141,0.40625,,,,,
3,260.0,1.8331066,0.375,,,,,
3,261.0,1.6818981,0.40625,,,,,
3,262.0,1.9081129,0.46875,,,,,
3,263.0,1.3757757,0.53125,,,,,
3,264.0,1.6215454,0.4375,,,,,
3,265.0,1.7670169,0.375,,,,,
3,266.0,1.7791823,0.375,,,,,
3,267.0,1.5719851,0.5,,,,,
3,268.0,2.1821795,0.34375,,,,,
3,269.0,1.184302,0.625,,,,,
3,270.0,1.5338621,0.4375,,,,,
3,271.0,1.5900978,0.5,,,,,
3,272.0,1.2965764,0.65625,,,,,
3,273.0,1.351808,0.53125,,,,,
3,274.0,1.7779362,0.375,,,,,
3,275.0,1.4713799,0.4375,,,,,
3,276.0,1.7085596,0.46875,,,,,
3,277.0,1.3318232,0.5625,,,,,
3,278.0,1.4290076,0.5,,,,,
3,279.0,1.9359174,0.40625,,,,,
3,280.0,1.3861592,0.5,,,,,
3,281.0,1.4106842,0.59375,,,,,
3,282.0,1.6809283,0.34375,,,,,
3,283.0,1.6193577,0.4375,,,,,
3,284.0,1.5570511,0.5625,,,,,
3,285.0,1.4371343,0.5625,,,,,
3,286.0,2.1176915,0.4375,,,,,
3,287.0,1.5191329,0.5,,,,,
3,288.0,1.4582096,0.4375,,,,,
3,289.0,1.1966293,0.625,,,,,
3,290.0,1.8662823,0.34375,,,,,
3,291.0,1.253394,0.5,,,,,
3,292.0,1.2551012,0.5625,,,,,
3,293.0,2.316501,0.3125,,,,,
3,294.0,1.4348973,0.5625,,,,,
3,295.0,1.3542689,0.4375,,,,,
3,296.0,1.6338161,0.5,,,,,
3,297.0,1.5990925,0.375,,,,,
3,298.0,1.4548095,0.5833333333333334,,,,,
3,,,,2.507209,0.3898305084745763,0.4924088130180507,0.395,0.38385279771736425
4,299.0,1.318337,0.5625,,,,,
4,300.0,1.7741812,0.375,,,,,
4,301.0,1.2530586,0.59375,,,,,
4,302.0,1.2568423,0.59375,,,,,
4,303.0,1.3863066,0.5,,,,,
4,304.0,1.9384229,0.46875,,,,,
4,305.0,1.2750785,0.59375,,,,,
4,306.0,1.5691761,0.5,,,,,
4,307.0,1.6346118,0.4375,,,,,
4,308.0,1.280907,0.5625,,,,,
4,309.0,1.4866087,0.53125,,,,,
4,310.0,1.658703,0.34375,,,,,
4,311.0,1.0763464,0.65625,,,,,
4,312.0,1.9196064,0.375,,,,,
4,313.0,1.5948001,0.46875,,,,,
4,314.0,1.2958959,0.46875,,,,,
4,315.0,1.537468,0.40625,,,,,
4,316.0,1.5594711,0.53125,,,,,
4,317.0,1.114487,0.625,,,,,
4,318.0,1.5742968,0.5,,,,,
4,319.0,1.6510738,0.34375,,,,,
4,320.0,1.8266771,0.4375,,,,,
4,321.0,1.459044,0.59375,,,,,
4,322.0,1.8755319,0.34375,,,,,
4,323.0,1.3234392,0.53125,,,,,
4,324.0,1.3218864,0.5625,,,,,
4,325.0,1.5561969,0.40625,,,,,
4,326.0,1.2259473,0.53125,,,,,
4,327.0,1.4128488,0.53125,,,,,
4,328.0,2.4979253,0.28125,,,,,
4,329.0,1.7168671,0.40625,,,,,
4,330.0,1.59509,0.5,,,,,
4,331.0,1.3857671,0.59375,,,,,
4,332.0,2.2942767,0.4375,,,,,
4,333.0,1.3271472,0.5,,,,,
4,334.0,1.3476297,0.625,,,,,
4,335.0,1.8470465,0.34375,,,,,
4,336.0,1.3404658,0.53125,,,,,
4,337.0,1.8223705,0.34375,,,,,
4,338.0,1.6269008,0.4375,,,,,
4,339.0,2.037063,0.40625,,,,,
4,340.0,2.235815,0.3125,,,,,
4,341.0,1.6546115,0.46875,,,,,
4,342.0,1.618008,0.4375,,,,,
4,343.0,1.8462764,0.4375,,,,,
4,344.0,1.6235657,0.4375,,,,,
4,345.0,1.6401072,0.4375,,,,,
4,346.0,1.5234927,0.5,,,,,
4,347.0,2.0280075,0.34375,,,,,
4,348.0,1.6641533,0.53125,,,,,
4,349.0,1.7624664,0.34375,,,,,
4,350.0,1.479283,0.46875,,,,,
4,351.0,1.5725245,0.4375,,,,,
4,352.0,1.8331616,0.46875,,,,,
4,353.0,1.2685974,0.65625,,,,,
4,354.0,1.5281515,0.40625,,,,,
4,355.0,1.2534708,0.53125,,,,,
4,356.0,1.8509636,0.46875,,,,,
4,357.0,1.8144895,0.375,,,,,
4,358.0,1.7957156,0.53125,,,,,
4,359.0,1.6304348,0.40625,,,,,
4,360.0,1.711177,0.4375,,,,,
4,361.0,1.6705471,0.5,,,,,
4,362.0,1.6275866,0.4375,,,,,
4,363.0,1.45495,0.59375,,,,,
4,364.0,1.6694752,0.40625,,,,,
4,365.0,1.7129247,0.4375,,,,,
4,366.0,1.6220863,0.5,,,,,
4,367.0,1.6153457,0.5625,,,,,
4,368.0,1.6704985,0.375,,,,,
4,369.0,1.7056009,0.40625,,,,,
4,370.0,1.5300322,0.5625,,,,,
4,371.0,0.82806677,0.71875,,,,,
4,372.0,1.5180936,0.5,,,,,
4,,,,1.8598707,0.45932203389830506,0.5302225487287546,0.45875000000000005,0.4379658223028801
5,373.0,1.8687122,0.4375,,,,,
5,374.0,1.5066187,0.4375,,,,,
5,375.0,1.4088303,0.5,,,,,
5,376.0,1.2855214,0.5,,,,,
5,377.0,1.31421,0.65625,,,,,
5,378.0,0.9554664,0.65625,,,,,
5,379.0,1.5717645,0.5,,,,,
5,380.0,1.7439543,0.375,,,,,
5,381.0,1.479739,0.40625,,,,,
5,382.0,1.3743813,0.59375,,,,,
5,383.0,1.2004404,0.53125,,,,,
5,384.0,1.5572453,0.5,,,,,
5,385.0,1.4031235,0.5,,,,,
5,386.0,1.5203805,0.5,,,,,
5,387.0,0.9951697,0.6875,,,,,
5,388.0,1.1651124,0.625,,,,,
5,389.0,1.1950177,0.65625,,,,,
5,390.0,1.1940036,0.53125,,,,,
5,391.0,1.2060701,0.625,,,,,
5,392.0,1.0118293,0.65625,,,,,
5,393.0,1.521213,0.5,,,,,
5,394.0,0.93182015,0.65625,,,,,
5,395.0,1.4160423,0.40625,,,,,
5,396.0,1.1730353,0.59375,,,,,
5,397.0,1.405584,0.5625,,,,,
5,398.0,1.1342967,0.625,,,,,
5,399.0,1.6178187,0.53125,,,,,
5,400.0,1.189488,0.5625,,,,,
5,401.0,1.1364578,0.625,,,,,
5,402.0,1.1524055,0.5625,,,,,
5,403.0,1.300408,0.53125,,,,,
5,404.0,1.1363708,0.65625,,,,,
5,405.0,1.0585139,0.625,,,,,
5,406.0,1.2060391,0.625,,,,,
5,407.0,1.3841534,0.5,,,,,
5,408.0,1.0281109,0.5625,,,,,
5,409.0,0.9817976,0.71875,,,,,
5,410.0,1.2669646,0.625,,,,,
5,411.0,1.5029417,0.53125,,,,,
5,412.0,1.3815755,0.5625,,,,,
5,413.0,1.07428,0.65625,,,,,
5,414.0,1.3809845,0.53125,,,,,
5,415.0,1.130792,0.59375,,,,,
5,416.0,0.847736,0.6875,,,,,
5,417.0,1.5468818,0.5625,,,,,
5,418.0,0.9325583,0.65625,,,,,
5,419.0,0.7927254,0.75,,,,,
5,420.0,1.2945673,0.625,,,,,
5,421.0,1.2448847,0.5625,,,,,
5,422.0,1.449766,0.59375,,,,,
5,423.0,1.1774114,0.5625,,,,,
5,424.0,0.9835867,0.53125,,,,,
5,425.0,0.99335873,0.625,,,,,
5,426.0,1.1955715,0.6875,,,,,
5,427.0,1.4632394,0.53125,,,,,
5,428.0,1.5116109,0.5,,,,,
5,429.0,1.0868473,0.625,,,,,
5,430.0,1.3124305,0.53125,,,,,
5,431.0,1.2373996,0.59375,,,,,
5,432.0,1.1345425,0.59375,,,,,
5,433.0,1.1243564,0.625,,,,,
5,434.0,0.99874234,0.71875,,,,,
5,435.0,0.8064449,0.71875,,,,,
5,436.0,0.94061863,0.75,,,,,
5,437.0,0.7595235,0.75,,,,,
5,438.0,1.0136943,0.71875,,,,,
5,439.0,1.3569111,0.53125,,,,,
5,440.0,1.1264167,0.625,,,,,
5,441.0,1.3733314,0.46875,,,,,
5,442.0,1.3015598,0.59375,,,,,
5,443.0,0.945844,0.6875,,,,,
5,444.0,0.9720907,0.71875,,,,,
5,445.0,1.3441898,0.59375,,,,,
5,446.0,1.6845403,0.375,,,,,
5,,,,1.4084774,0.5135593220338983,0.6032199194002544,0.5141666666666667,0.5064675557308049
6,447.0,1.0005966,0.6875,,,,,
6,448.0,1.0259799,0.59375,,,,,
6,449.0,1.1409403,0.65625,,,,,
6,450.0,0.81504625,0.6875,,,,,
6,451.0,1.253262,0.5625,,,,,
6,452.0,1.4088322,0.5,,,,,
6,453.0,1.0336474,0.75,,,,,
6,454.0,1.2780958,0.59375,,,,,
6,455.0,0.8747113,0.65625,,,,,
6,456.0,1.0391195,0.59375,,,,,
6,457.0,1.0050464,0.625,,,,,
6,458.0,1.0459213,0.5625,,,,,
6,459.0,0.9817846,0.78125,,,,,
6,460.0,1.2245787,0.59375,,,,,
6,461.0,1.1593126,0.59375,,,,,
6,462.0,1.257665,0.4375,,,,,
6,463.0,0.8416916,0.71875,,,,,
6,464.0,1.1730748,0.59375,,,,,
6,465.0,1.1167469,0.53125,,,,,
6,466.0,1.1277086,0.5625,,,,,
6,467.0,1.144612,0.5625,,,,,
6,468.0,1.2214042,0.625,,,,,
6,469.0,1.0013607,0.53125,,,,,
6,470.0,0.9467074,0.65625,,,,,
6,471.0,0.9876898,0.625,,,,,
6,472.0,0.7159845,0.75,,,,,
6,473.0,1.326997,0.53125,,,,,
6,474.0,0.9531701,0.6875,,,,,
6,475.0,1.4041928,0.5,,,,,
6,476.0,0.93056726,0.6875,,,,,
6,477.0,0.81758124,0.6875,,,,,
6,478.0,1.2638232,0.65625,,,,,
6,479.0,1.3979974,0.5,,,,,
6,480.0,1.154077,0.71875,,,,,
6,481.0,0.7693244,0.71875,,,,,
6,482.0,0.8988027,0.625,,,,,
6,483.0,1.0600345,0.625,,,,,
6,484.0,0.98774636,0.6875,,,,,
6,485.0,0.85258317,0.71875,,,,,
6,486.0,0.93743277,0.6875,,,,,
6,487.0,1.3248347,0.5625,,,,,
6,488.0,1.389197,0.5,,,,,
6,489.0,0.944269,0.59375,,,,,
6,490.0,0.85513204,0.75,,,,,
6,491.0,1.3387102,0.53125,,,,,
6,492.0,1.3389199,0.46875,,,,,
6,493.0,1.1409125,0.53125,,,,,
6,494.0,0.93215173,0.71875,,,,,
6,495.0,0.7291029,0.78125,,,,,
6,496.0,0.8918006,0.71875,,,,,
6,497.0,0.92687744,0.71875,,,,,
6,498.0,0.92650557,0.71875,,,,,
6,499.0,0.7399575,0.78125,,,,,
6,500.0,1.0306815,0.65625,,,,,
6,501.0,1.1100842,0.625,,,,,
6,502.0,0.94252646,0.6875,,,,,
6,503.0,1.1955048,0.65625,,,,,
6,504.0,0.9630852,0.65625,,,,,
6,505.0,1.1603302,0.625,,,,,
6,506.0,1.1532489,0.46875,,,,,
6,507.0,0.9343695,0.75,,,,,
6,508.0,1.2635256,0.5625,,,,,
6,509.0,1.272558,0.5625,,,,,
6,510.0,0.8888063,0.625,,,,,
6,511.0,1.1057035,0.59375,,,,,
6,512.0,1.1856899,0.53125,,,,,
6,513.0,1.3219556,0.53125,,,,,
6,514.0,0.941359,0.6875,,,,,
6,515.0,1.1323974,0.71875,,,,,
6,516.0,0.78224653,0.6875,,,,,
6,517.0,1.1425328,0.59375,,,,,
6,518.0,0.8327149,0.65625,,,,,
6,519.0,0.8797783,0.625,,,,,
6,520.0,0.585947,0.8333333333333334,,,,,
6,,,,1.0651872,0.6576271186440678,0.7287887579380987,0.65875,0.6702794951246656
7,521.0,1.1715773,0.65625,,,,,
7,522.0,0.89381087,0.65625,,,,,
7,523.0,1.370454,0.59375,,,,,
7,524.0,1.5184755,0.5625,,,,,
7,525.0,1.0624839,0.6875,,,,,
7,526.0,0.81206036,0.6875,,,,,
7,527.0,1.0113355,0.5625,,,,,
7,528.0,1.2366717,0.5625,,,,,
7,529.0,1.0543799,0.59375,,,,,
7,530.0,1.017442,0.6875,,,,,
7,531.0,0.5932644,0.8125,,,,,
7,532.0,1.1144967,0.625,,,,,
7,533.0,0.62171525,0.78125,,,,,
7,534.0,1.033114,0.625,,,,,
7,535.0,0.9918974,0.65625,,,,,
7,536.0,0.8071976,0.75,,,,,
7,537.0,0.89082813,0.65625,,,,,
7,538.0,0.9780672,0.6875,,,,,
7,539.0,1.0127156,0.65625,,,,,
7,540.0,1.0166984,0.625,,,,,
7,541.0,1.0279002,0.65625,,,,,
7,542.0,1.1282008,0.53125,,,,,
7,543.0,0.86809456,0.6875,,,,,
7,544.0,1.0942717,0.625,,,,,
7,545.0,1.2598935,0.53125,,,,,
7,546.0,0.9137503,0.6875,,,,,
7,547.0,0.6084964,0.78125,,,,,
7,548.0,0.9181367,0.71875,,,,,
7,549.0,1.4001093,0.59375,,,,,
7,550.0,1.6503222,0.5625,,,,,
7,551.0,1.4291583,0.65625,,,,,
7,552.0,0.5652244,0.78125,,,,,
7,553.0,0.839332,0.6875,,,,,
7,554.0,0.66970617,0.8125,,,,,
7,555.0,0.8744065,0.71875,,,,,
7,556.0,1.2754124,0.65625,,,,,
7,557.0,0.9878116,0.65625,,,,,
7,558.0,0.889354,0.6875,,,,,
7,559.0,0.94294786,0.71875,,,,,
7,560.0,1.1301267,0.59375,,,,,
7,561.0,0.9352747,0.65625,,,,,
7,562.0,0.8424348,0.6875,,,,,
7,563.0,0.57448995,0.75,,,,,
7,564.0,1.3017188,0.5625,,,,,
7,565.0,0.90309477,0.625,,,,,
7,566.0,1.0900722,0.59375,,,,,
7,567.0,1.4241661,0.59375,,,,,
7,568.0,0.7854455,0.6875,,,,,
7,569.0,1.3636937,0.40625,,,,,
7,570.0,0.9393035,0.625,,,,,
7,571.0,1.1068939,0.5625,,,,,
7,572.0,0.94926214,0.65625,,,,,
7,573.0,1.0440757,0.59375,,,,,
7,574.0,0.9240463,0.6875,,,,,
7,575.0,1.2793268,0.59375,,,,,
7,576.0,0.80992573,0.75,,,,,
7,577.0,1.2268883,0.59375,,,,,
7,578.0,0.8626378,0.71875,,,,,
7,579.0,1.033976,0.71875,,,,,
7,580.0,1.0541563,0.625,,,,,
7,581.0,1.003478,0.5625,,,,,
7,582.0,0.68079597,0.8125,,,,,
7,583.0,1.1795223,0.6875,,,,,
7,584.0,0.79073244,0.78125,,,,,
7,585.0,1.154891,0.59375,,,,,
7,586.0,1.0355574,0.625,,,,,
7,587.0,1.2105342,0.65625,,,,,
7,588.0,0.84607047,0.65625,,,,,
7,589.0,0.8803625,0.71875,,,,,
7,590.0,0.7744366,0.71875,,,,,
7,591.0,0.5985754,0.8125,,,,,
7,592.0,1.3591865,0.625,,,,,
7,593.0,0.6863107,0.75,,,,,
7,594.0,1.2643272,0.4583333333333333,,,,,
7,,,,1.42944,0.5694915254237288,0.6892182068571294,0.5729166666666666,0.5647949327807431
8,595.0,1.1692493,0.65625,,,,,
8,596.0,1.1261584,0.625,,,,,
8,597.0,0.89905584,0.65625,,,,,
8,598.0,1.0122001,0.625,,,,,
8,599.0,1.0108464,0.65625,,,,,
8,600.0,0.95009446,0.71875,,,,,
8,601.0,0.90739596,0.65625,,,,,
8,602.0,1.1704711,0.59375,,,,,
8,603.0,0.99006647,0.6875,,,,,
8,604.0,0.8573876,0.6875,,,,,
8,605.0,0.89329606,0.59375,,,,,
8,606.0,1.2395395,0.5,,,,,
8,607.0,0.74543506,0.6875,,,,,
8,608.0,1.1763109,0.5625,,,,,
8,609.0,0.784784,0.71875,,,,,
8,610.0,0.9557224,0.6875,,,,,
8,611.0,0.8401764,0.75,,,,,
8,612.0,0.8633905,0.75,,,,,
8,613.0,1.2498232,0.625,,,,,
8,614.0,1.3539008,0.53125,,,,,
8,615.0,1.1020899,0.71875,,,,,
8,616.0,1.0582341,0.65625,,,,,
8,617.0,1.1489029,0.5625,,,,,
8,618.0,1.2823744,0.6875,,,,,
8,619.0,0.83861196,0.6875,,,,,
8,620.0,0.9847562,0.65625,,,,,
8,621.0,1.0437753,0.6875,,,,,
8,622.0,1.0252621,0.6875,,,,,
8,623.0,0.93998104,0.6875,,,,,
8,624.0,1.4834867,0.5,,,,,
8,625.0,1.1198195,0.59375,,,,,
8,626.0,1.3047582,0.5,,,,,
8,627.0,1.0609944,0.71875,,,,,
8,628.0,0.6497339,0.75,,,,,
8,629.0,1.4146055,0.5,,,,,
8,630.0,0.88576174,0.6875,,,,,
8,631.0,1.3141986,0.5625,,,,,
8,632.0,0.9030249,0.71875,,,,,
8,633.0,1.0670389,0.65625,,,,,
8,634.0,0.7629423,0.6875,,,,,
8,635.0,0.97507584,0.625,,,,,
8,636.0,1.3244011,0.5625,,,,,
8,637.0,0.7084708,0.8125,,,,,
8,638.0,1.4874992,0.53125,,,,,
8,639.0,1.2042377,0.625,,,,,
8,640.0,0.9340627,0.65625,,,,,
8,641.0,0.98341,0.625,,,,,
8,642.0,1.1793364,0.53125,,,,,
8,643.0,0.7047298,0.75,,,,,
8,644.0,1.202864,0.53125,,,,,
8,645.0,0.984585,0.65625,,,,,
8,646.0,0.88617,0.75,,,,,
8,647.0,0.9295152,0.71875,,,,,
8,648.0,0.7877819,0.84375,,,,,
8,649.0,0.9164226,0.71875,,,,,
8,650.0,0.86653185,0.6875,,,,,
8,651.0,1.1132792,0.65625,,,,,
8,652.0,0.9232414,0.71875,,,,,
8,653.0,0.9226996,0.6875,,,,,
8,654.0,1.131701,0.625,,,,,
8,655.0,0.8260943,0.71875,,,,,
8,656.0,0.70078427,0.75,,,,,
8,657.0,1.2441245,0.6875,,,,,
8,658.0,0.789991,0.6875,,,,,
8,659.0,1.0023317,0.6875,,,,,
8,660.0,0.9511664,0.65625,,,,,
8,661.0,0.96780956,0.59375,,,,,
8,662.0,0.8109786,0.71875,,,,,
8,663.0,0.8792289,0.65625,,,,,
8,664.0,0.9885643,0.6875,,,,,
8,665.0,0.84915376,0.625,,,,,
8,666.0,1.6603012,0.59375,,,,,
8,667.0,1.0600301,0.6875,,,,,
8,668.0,0.8721004,0.75,,,,,
8,,,,1.2127094,0.6186440677966102,0.6830017786716872,0.6208333333333333,0.6260325655856253
9,669.0,1.1229566,0.6875,,,,,
9,670.0,1.2235764,0.65625,,,,,
9,671.0,0.99182606,0.65625,,,,,
9,672.0,0.8846032,0.71875,,,,,
9,673.0,1.1823257,0.65625,,,,,
9,674.0,1.3920575,0.53125,,,,,
9,675.0,0.5413232,0.84375,,,,,
9,676.0,1.0998316,0.625,,,,,
9,677.0,0.63427985,0.84375,,,,,
9,678.0,1.2739513,0.5625,,,,,
9,679.0,0.8409465,0.6875,,,,,
9,680.0,0.93574715,0.71875,,,,,
9,681.0,1.252129,0.53125,,,,,
9,682.0,1.3406411,0.625,,,,,
9,683.0,0.81580836,0.6875,,,,,
9,684.0,1.3203609,0.46875,,,,,
9,685.0,0.9226224,0.78125,,,,,
9,686.0,0.66521573,0.8125,,,,,
9,687.0,0.8761968,0.75,,,,,
9,688.0,1.0271223,0.6875,,,,,
9,689.0,0.7586467,0.75,,,,,
9,690.0,0.7228946,0.75,,,,,
9,691.0,1.102564,0.6875,,,,,
9,692.0,1.085157,0.59375,,,,,
9,693.0,0.8819656,0.65625,,,,,
9,694.0,0.8894081,0.6875,,,,,
9,695.0,1.4777209,0.625,,,,,
9,696.0,0.98371905,0.71875,,,,,
9,697.0,0.7953121,0.75,,,,,
9,698.0,1.1394744,0.65625,,,,,
9,699.0,0.8423724,0.6875,,,,,
9,700.0,0.5972906,0.8125,,,,,
9,701.0,0.80778486,0.75,,,,,
9,702.0,0.88275164,0.6875,,,,,
9,703.0,0.65589046,0.65625,,,,,
9,704.0,0.88139397,0.71875,,,,,
9,705.0,0.92665094,0.71875,,,,,
9,706.0,0.83691937,0.65625,,,,,
9,707.0,0.7143487,0.71875,,,,,
9,708.0,1.3090118,0.65625,,,,,
9,709.0,1.0175433,0.65625,,,,,
9,710.0,0.97219604,0.59375,,,,,
9,711.0,1.2958173,0.5,,,,,
9,712.0,0.7296197,0.71875,,,,,
9,713.0,1.1958319,0.625,,,,,
9,714.0,1.0206457,0.625,,,,,
9,715.0,0.6549532,0.8125,,,,,
9,716.0,0.83326423,0.8125,,,,,
9,717.0,0.7066351,0.6875,,,,,
9,718.0,0.7881972,0.75,,,,,
9,719.0,0.8567303,0.78125,,,,,
9,720.0,0.8489032,0.625,,,,,
9,721.0,0.8165447,0.65625,,,,,
9,722.0,0.96823275,0.65625,,,,,
9,723.0,1.3647453,0.53125,,,,,
9,724.0,0.9485598,0.6875,,,,,
9,725.0,0.91116047,0.625,,,,,
9,726.0,0.7478962,0.625,,,,,
9,727.0,0.999114,0.6875,,,,,
9,728.0,0.804422,0.71875,,,,,
9,729.0,0.9936443,0.65625,,,,,
9,730.0,1.0324819,0.71875,,,,,
9,731.0,0.90802056,0.625,,,,,
9,732.0,1.0382291,0.5625,,,,,
9,733.0,0.5750165,0.8125,,,,,
9,734.0,0.97153693,0.6875,,,,,
9,735.0,0.9577833,0.6875,,,,,
9,736.0,0.7695424,0.6875,,,,,
9,737.0,0.7856127,0.78125,,,,,
9,738.0,0.95586425,0.6875,,,,,
9,739.0,0.89414257,0.59375,,,,,
9,740.0,0.4776005,0.84375,,,,,
9,741.0,1.0083737,0.75,,,,,
9,742.0,1.2602161,0.5833333333333334,,,,,
9,,,,1.4555023,0.5745762711864407,0.6911905829710014,0.5745833333333333,0.5832917573960809
10,743.0,0.81090194,0.8125,,,,,
10,744.0,1.0958091,0.65625,,,,,
10,745.0,0.88458437,0.71875,,,,,
10,746.0,0.5674058,0.8125,,,,,
10,747.0,0.94865507,0.5625,,,,,
10,748.0,1.0733716,0.59375,,,,,
10,749.0,0.97191143,0.625,,,,,
10,750.0,1.0736552,0.59375,,,,,
10,751.0,0.65436476,0.71875,,,,,
10,752.0,0.77743536,0.6875,,,,,
10,753.0,0.9767524,0.71875,,,,,
10,754.0,1.098222,0.65625,,,,,
10,755.0,0.80880344,0.6875,,,,,
10,756.0,0.8099158,0.75,,,,,
10,757.0,0.8432546,0.65625,,,,,
10,758.0,0.8274383,0.6875,,,,,
10,759.0,1.1279534,0.625,,,,,
10,760.0,0.5489049,0.78125,,,,,
10,761.0,0.8819687,0.65625,,,,,
10,762.0,0.8301357,0.625,,,,,
10,763.0,0.7762816,0.78125,,,,,
10,764.0,1.4815848,0.59375,,,,,
10,765.0,0.83096105,0.71875,,,,,
10,766.0,0.60860145,0.75,,,,,
10,767.0,1.0083061,0.6875,,,,,
10,768.0,0.9886604,0.625,,,,,
10,769.0,0.67697644,0.75,,,,,
10,770.0,0.41322127,0.8125,,,,,
10,771.0,0.8607462,0.8125,,,,,
10,772.0,0.69392914,0.84375,,,,,
10,773.0,0.6224157,0.8125,,,,,
10,774.0,0.7117017,0.75,,,,,
10,775.0,0.7064124,0.75,,,,,
10,776.0,1.2399932,0.5,,,,,
10,777.0,0.88637817,0.78125,,,,,
10,778.0,0.7787212,0.6875,,,,,
10,779.0,0.79001254,0.71875,,,,,
10,780.0,1.0735208,0.71875,,,,,
10,781.0,0.83767486,0.75,,,,,
10,782.0,0.83194196,0.65625,,,,,
10,783.0,0.7609162,0.6875,,,,,
10,784.0,0.9681655,0.65625,,,,,
10,785.0,0.48630074,0.8125,,,,,
10,786.0,0.9830394,0.6875,,,,,
10,787.0,0.6023463,0.84375,,,,,
10,788.0,0.75494367,0.71875,,,,,
10,789.0,0.83564675,0.71875,,,,,
10,790.0,0.5851631,0.8125,,,,,
10,791.0,0.75826097,0.78125,,,,,
10,792.0,0.78128296,0.65625,,,,,
10,793.0,0.36200848,0.84375,,,,,
10,794.0,0.7548079,0.78125,,,,,
10,795.0,0.51491857,0.8125,,,,,
10,796.0,0.41625482,0.84375,,,,,
10,797.0,0.5421969,0.8125,,,,,
10,798.0,1.184392,0.625,,,,,
10,799.0,0.99798673,0.65625,,,,,
10,800.0,0.6603108,0.875,,,,,
10,801.0,0.60256904,0.84375,,,,,
10,802.0,0.89329916,0.71875,,,,,
10,803.0,0.8001435,0.65625,,,,,
10,804.0,0.8509863,0.75,,,,,
10,805.0,0.77225333,0.65625,,,,,
10,806.0,0.69665027,0.8125,,,,,
10,807.0,0.68201244,0.75,,,,,
10,808.0,0.6130413,0.75,,,,,
10,809.0,0.85863185,0.65625,,,,,
10,810.0,0.6678294,0.8125,,,,,
10,811.0,0.72269565,0.71875,,,,,
10,812.0,0.5429658,0.8125,,,,,
10,813.0,0.6536511,0.75,,,,,
10,814.0,0.4356562,0.84375,,,,,
10,815.0,0.75940996,0.65625,,,,,
10,816.0,1.6701847,0.4583333333333333,,,,,
10,,,,0.6897833,0.735593220338983,0.7688027879501248,0.7366666666666667,0.7368297741261873
11,817.0,0.6038632,0.875,,,,,
11,818.0,0.5485902,0.78125,,,,,
11,819.0,0.5920035,0.71875,,,,,
11,820.0,0.7969171,0.75,,,,,
11,821.0,0.7316321,0.71875,,,,,
11,822.0,0.9416979,0.5625,,,,,
11,823.0,0.60865265,0.8125,,,,,
11,824.0,0.8627848,0.71875,,,,,
11,825.0,0.52501476,0.84375,,,,,
11,826.0,1.046415,0.625,,,,,
11,827.0,1.2477915,0.65625,,,,,
11,828.0,0.6353576,0.75,,,,,
11,829.0,0.93196803,0.71875,,,,,
11,830.0,0.6490014,0.75,,,,,
11,831.0,0.5087064,0.875,,,,,
11,832.0,0.5817864,0.84375,,,,,
11,833.0,0.47552198,0.8125,,,,,
11,834.0,0.47177368,0.84375,,,,,
11,835.0,0.8313428,0.65625,,,,,
11,836.0,0.6480539,0.78125,,,,,
11,837.0,0.67559737,0.75,,,,,
11,838.0,0.95803994,0.75,,,,,
11,839.0,0.7339669,0.71875,,,,,
11,840.0,0.6781166,0.71875,,,,,
11,841.0,0.73893034,0.78125,,,,,
11,842.0,0.9793317,0.625,,,,,
11,843.0,0.8998138,0.625,,,,,
11,844.0,0.55033207,0.8125,,,,,
11,845.0,0.87327033,0.75,,,,,
11,846.0,0.9169931,0.75,,,,,
11,847.0,0.46828166,0.875,,,,,
11,848.0,0.71889824,0.75,,,,,
11,849.0,0.6838604,0.78125,,,,,
11,850.0,1.0384579,0.625,,,,,
11,851.0,0.5747355,0.90625,,,,,
11,852.0,0.7747313,0.71875,,,,,
11,853.0,1.0398179,0.6875,,,,,
11,854.0,1.0572923,0.75,,,,,
11,855.0,1.0736862,0.625,,,,,
11,856.0,0.6227107,0.75,,,,,
11,857.0,1.0147399,0.65625,,,,,
11,858.0,0.7206903,0.71875,,,,,
11,859.0,0.94218117,0.71875,,,,,
11,860.0,0.73795503,0.78125,,,,,
11,861.0,0.8073993,0.6875,,,,,
11,862.0,0.83746403,0.6875,,,,,
11,863.0,0.6308432,0.78125,,,,,
11,864.0,0.77608925,0.6875,,,,,
11,865.0,0.74600744,0.75,,,,,
11,866.0,0.7965484,0.6875,,,,,
11,867.0,0.65325564,0.8125,,,,,
11,868.0,0.73542017,0.8125,,,,,
11,869.0,0.9920115,0.625,,,,,
11,870.0,0.34953076,0.875,,,,,
11,871.0,0.71581656,0.78125,,,,,
11,872.0,0.71772254,0.6875,,,,,
11,873.0,0.66647476,0.78125,,,,,
11,874.0,0.7404001,0.6875,,,,,
11,875.0,0.69133836,0.75,,,,,
11,876.0,1.3628594,0.5625,,,,,
11,877.0,0.71812284,0.78125,,,,,
11,878.0,0.6733291,0.75,,,,,
11,879.0,0.65940154,0.78125,,,,,
11,880.0,0.65970397,0.75,,,,,
11,881.0,0.5130993,0.875,,,,,
11,882.0,0.5760411,0.84375,,,,,
11,883.0,0.86557925,0.6875,,,,,
11,884.0,0.5691275,0.875,,,,,
11,885.0,0.6818261,0.8125,,,,,
11,886.0,0.59836847,0.8125,,,,,
11,887.0,0.43976566,0.90625,,,,,
11,888.0,1.0948904,0.625,,,,,
11,889.0,0.9066238,0.625,,,,,
11,890.0,1.1862361,0.7083333333333334,,,,,
11,,,,0.8210936,0.7237288135593221,0.7812350940032706,0.72625,0.7247817178348691
12,891.0,0.9252183,0.75,,,,,
12,892.0,0.6164284,0.8125,,,,,
12,893.0,0.38891545,0.84375,,,,,
12,894.0,0.84492505,0.6875,,,,,
12,895.0,0.53896224,0.8125,,,,,
12,896.0,0.96743226,0.59375,,,,,
12,897.0,0.53773826,0.84375,,,,,
12,898.0,0.93030554,0.6875,,,,,
12,899.0,0.7308636,0.75,,,,,
12,900.0,0.6689467,0.84375,,,,,
12,901.0,0.7728468,0.71875,,,,,
12,902.0,0.8299224,0.78125,,,,,
12,903.0,0.26356307,0.9375,,,,,
12,904.0,0.74893385,0.71875,,,,,
12,905.0,0.758236,0.71875,,,,,
12,906.0,0.76206005,0.71875,,,,,
12,907.0,0.6509666,0.75,,,,,
12,908.0,0.62451506,0.8125,,,,,
12,909.0,0.8348475,0.71875,,,,,
12,910.0,0.822624,0.75,,,,,
12,911.0,0.8416557,0.75,,,,,
12,912.0,0.8090867,0.75,,,,,
12,913.0,0.5227509,0.84375,,,,,
12,914.0,0.816367,0.71875,,,,,
12,915.0,0.7977948,0.65625,,,,,
12,916.0,0.71911937,0.8125,,,,,
12,917.0,0.32484502,0.875,,,,,
12,918.0,0.5740588,0.84375,,,,,
12,919.0,0.55692875,0.8125,,,,,
12,920.0,0.7708407,0.8125,,,,,
12,921.0,0.8243939,0.71875,,,,,
12,922.0,0.5621815,0.6875,,,,,
12,923.0,0.7865992,0.75,,,,,
12,924.0,0.69575495,0.6875,,,,,
12,925.0,0.6204381,0.75,,,,,
12,926.0,0.68578446,0.75,,,,,
12,927.0,0.79617494,0.71875,,,,,
12,928.0,0.5762393,0.6875,,,,,
12,929.0,0.378213,0.875,,,,,
12,930.0,0.969807,0.6875,,,,,
12,931.0,1.5265136,0.625,,,,,
12,932.0,0.65924275,0.84375,,,,,
12,933.0,0.5473713,0.84375,,,,,
12,934.0,0.76734257,0.6875,,,,,
12,935.0,0.61223096,0.84375,,,,,
12,936.0,0.6705964,0.78125,,,,,
12,937.0,0.5308914,0.84375,,,,,
12,938.0,0.35801095,0.875,,,,,
12,939.0,0.6861587,0.75,,,,,
12,940.0,0.8796748,0.6875,,,,,
12,941.0,0.8830549,0.71875,,,,,
12,942.0,0.82863957,0.6875,,,,,
12,943.0,0.6318431,0.8125,,,,,
12,944.0,0.6004112,0.8125,,,,,
12,945.0,0.9387137,0.6875,,,,,
12,946.0,0.6970666,0.71875,,,,,
12,947.0,0.9531583,0.6875,,,,,
12,948.0,0.47568327,0.78125,,,,,
12,949.0,0.4373784,0.90625,,,,,
12,950.0,0.7523276,0.75,,,,,
12,951.0,0.47975752,0.875,,,,,
12,952.0,0.4848983,0.75,,,,,
12,953.0,1.3656386,0.6875,,,,,
12,954.0,0.9950125,0.65625,,,,,
12,955.0,0.870576,0.71875,,,,,
12,956.0,0.47772893,0.90625,,,,,
12,957.0,0.47081798,0.75,,,,,
12,958.0,0.4510704,0.84375,,,,,
12,959.0,1.2015773,0.625,,,,,
12,960.0,0.71480876,0.75,,,,,
12,961.0,0.6230497,0.71875,,,,,
12,962.0,0.61048746,0.8125,,,,,
12,963.0,0.9482664,0.71875,,,,,
12,964.0,0.59128666,0.7916666666666666,,,,,
12,,,,0.90078294,0.7203389830508474,0.7889347317312406,0.7229166666666668,0.726715700262388
13,965.0,0.36895463,0.875,,,,,
13,966.0,0.7503269,0.78125,,,,,
13,967.0,0.50188714,0.8125,,,,,
13,968.0,0.8476046,0.6875,,,,,
13,969.0,0.5535074,0.84375,,,,,
13,970.0,0.46847048,0.78125,,,,,
13,971.0,0.70873225,0.78125,,,,,
13,972.0,0.5961278,0.8125,,,,,
13,973.0,0.7484823,0.71875,,,,,
13,974.0,0.59795094,0.8125,,,,,
13,975.0,0.8891651,0.65625,,,,,
13,976.0,0.5813691,0.78125,,,,,
13,977.0,1.0101247,0.6875,,,,,
13,978.0,0.5166726,0.84375,,,,,
13,979.0,0.46460325,0.90625,,,,,
13,980.0,0.7299216,0.75,,,,,
13,981.0,0.56747395,0.75,,,,,
13,982.0,0.48592705,0.8125,,,,,
13,983.0,0.5492398,0.8125,,,,,
13,984.0,0.45907936,0.875,,,,,
13,985.0,0.7443261,0.78125,,,,,
13,986.0,0.75834835,0.6875,,,,,
13,987.0,0.57126135,0.8125,,,,,
13,988.0,0.46617976,0.8125,,,,,
13,989.0,0.5566273,0.84375,,,,,
13,990.0,0.73724604,0.75,,,,,
13,991.0,1.004543,0.6875,,,,,
13,992.0,0.7741028,0.8125,,,,,
13,993.0,0.61212087,0.8125,,,,,
13,994.0,0.5970573,0.78125,,,,,
13,995.0,0.58559674,0.71875,,,,,
13,996.0,0.81449944,0.71875,,,,,
13,997.0,0.62408423,0.8125,,,,,
13,998.0,0.8732435,0.71875,,,,,
13,999.0,0.84909606,0.78125,,,,,
13,1000.0,0.6641555,0.8125,,,,,
13,1001.0,0.6001756,0.8125,,,,,
13,1002.0,0.8128316,0.65625,,,,,
13,1003.0,0.6035777,0.75,,,,,
13,1004.0,0.49093065,0.8125,,,,,
13,1005.0,0.81574976,0.65625,,,,,
13,1006.0,1.1398035,0.6875,,,,,
13,1007.0,0.44962975,0.90625,,,,,
13,1008.0,0.79831314,0.71875,,,,,
13,1009.0,0.5762986,0.8125,,,,,
13,1010.0,0.9113248,0.71875,,,,,
13,1011.0,1.0394241,0.65625,,,,,
13,1012.0,0.3516656,0.875,,,,,
13,1013.0,0.5847623,0.78125,,,,,
13,1014.0,0.4973421,0.78125,,,,,
13,1015.0,0.83051443,0.75,,,,,
13,1016.0,0.7560747,0.84375,,,,,
13,1017.0,0.885288,0.75,,,,,
13,1018.0,0.5806746,0.78125,,,,,
13,1019.0,0.8677102,0.71875,,,,,
13,1020.0,0.6926015,0.71875,,,,,
13,1021.0,0.4671072,0.8125,,,,,
13,1022.0,0.9104838,0.6875,,,,,
13,1023.0,0.72866565,0.78125,,,,,
13,1024.0,0.3972658,0.875,,,,,
13,1025.0,0.45683452,0.875,,,,,
13,1026.0,0.5080556,0.84375,,,,,
13,1027.0,0.5483212,0.875,,,,,
13,1028.0,0.8806705,0.78125,,,,,
13,1029.0,0.53766346,0.84375,,,,,
13,1030.0,0.8903506,0.6875,,,,,
13,1031.0,0.7292669,0.75,,,,,
13,1032.0,0.9894314,0.625,,,,,
13,1033.0,0.35164905,0.90625,,,,,
13,1034.0,0.58441675,0.8125,,,,,
13,1035.0,0.67052674,0.75,,,,,
13,1036.0,0.7757816,0.71875,,,,,
13,1037.0,0.8086909,0.78125,,,,,
13,1038.0,0.46781373,0.875,,,,,
13,,,,0.6427157,0.7762711864406779,0.7972352549635314,0.7779166666666667,0.7778615140112711
14,1039.0,0.6743849,0.8125,,,,,
14,1040.0,0.537537,0.875,,,,,
14,1041.0,0.73098826,0.6875,,,,,
14,1042.0,0.59336025,0.8125,,,,,
14,1043.0,0.44796818,0.84375,,,,,
14,1044.0,0.5469832,0.8125,,,,,
14,1045.0,0.6172895,0.8125,,,,,
14,1046.0,0.36612177,0.875,,,,,
14,1047.0,0.60264605,0.75,,,,,
14,1048.0,0.65452564,0.75,,,,,
14,1049.0,0.5697772,0.8125,,,,,
14,1050.0,0.5339935,0.78125,,,,,
14,1051.0,0.57217467,0.78125,,,,,
14,1052.0,0.7706968,0.75,,,,,
14,1053.0,0.75355685,0.65625,,,,,
14,1054.0,0.57183695,0.8125,,,,,
14,1055.0,0.50671333,0.8125,,,,,
14,1056.0,0.76489884,0.71875,,,,,
14,1057.0,0.41082865,0.8125,,,,,
14,1058.0,0.42329264,0.90625,,,,,
14,1059.0,0.46223813,0.84375,,,,,
14,1060.0,0.92429096,0.8125,,,,,
14,1061.0,0.6967796,0.75,,,,,
14,1062.0,0.2482183,0.9375,,,,,
14,1063.0,0.7213901,0.6875,,,,,
14,1064.0,0.85126513,0.6875,,,,,
14,1065.0,0.50641614,0.90625,,,,,
14,1066.0,0.7145552,0.75,,,,,
14,1067.0,0.508288,0.875,,,,,
14,1068.0,0.61850905,0.8125,,,,,
14,1069.0,0.4094902,0.875,,,,,
14,1070.0,0.7856299,0.71875,,,,,
14,1071.0,0.711387,0.8125,,,,,
14,1072.0,0.2812993,0.96875,,,,,
14,1073.0,0.9538944,0.625,,,,,
14,1074.0,0.9882863,0.65625,,,,,
14,1075.0,0.9530059,0.71875,,,,,
14,1076.0,0.43857905,0.84375,,,,,
14,1077.0,0.48022732,0.75,,,,,
14,1078.0,0.41849378,0.8125,,,,,
14,1079.0,0.6932344,0.71875,,,,,
14,1080.0,0.45136222,0.84375,,,,,
14,1081.0,0.5290735,0.8125,,,,,
14,1082.0,0.8177937,0.75,,,,,
14,1083.0,0.6428827,0.8125,,,,,
14,1084.0,0.70951873,0.71875,,,,,
14,1085.0,0.72709703,0.6875,,,,,
14,1086.0,0.7465188,0.71875,,,,,
14,1087.0,0.59526163,0.84375,,,,,
14,1088.0,0.6046005,0.71875,,,,,
14,1089.0,0.4604513,0.8125,,,,,
14,1090.0,0.6770084,0.75,,,,,
14,1091.0,0.37157965,0.875,,,,,
14,1092.0,0.8540449,0.6875,,,,,
14,1093.0,0.40692028,0.84375,,,,,
14,1094.0,0.3851751,0.875,,,,,
14,1095.0,0.684498,0.78125,,,,,
14,1096.0,0.65007365,0.75,,,,,
14,1097.0,0.6045377,0.78125,,,,,
14,1098.0,0.64040196,0.78125,,,,,
14,1099.0,0.76378363,0.71875,,,,,
14,1100.0,0.5021754,0.8125,,,,,
14,1101.0,0.66514146,0.8125,,,,,
14,1102.0,0.7010955,0.75,,,,,
14,1103.0,0.45868123,0.90625,,,,,
14,1104.0,0.759927,0.75,,,,,
14,1105.0,0.43548253,0.84375,,,,,
14,1106.0,0.72603375,0.75,,,,,
14,1107.0,0.50097203,0.875,,,,,
14,1108.0,0.64722705,0.8125,,,,,
14,1109.0,0.77327263,0.71875,,,,,
14,1110.0,0.64493227,0.71875,,,,,
14,1111.0,0.5077742,0.8125,,,,,
14,1112.0,0.74138594,0.75,,,,,
14,,,,1.2145202,0.6542372881355932,0.7495906870906871,0.6566666666666667,0.6451011171903794
15,1113.0,0.5256552,0.78125,,,,,
15,1114.0,0.93386275,0.59375,,,,,
15,1115.0,0.5997081,0.75,,,,,
15,1116.0,0.5733447,0.75,,,,,
15,1117.0,0.7851343,0.71875,,,,,
15,1118.0,0.5980049,0.84375,,,,,
15,1119.0,0.42803138,0.9375,,,,,
15,1120.0,0.6024774,0.75,,,,,
15,1121.0,0.49497545,0.84375,,,,,
15,1122.0,0.60501474,0.875,,,,,
15,1123.0,0.6973914,0.75,,,,,
15,1124.0,0.6493947,0.78125,,,,,
15,1125.0,0.47390953,0.84375,,,,,
15,1126.0,0.7006397,0.78125,,,,,
15,1127.0,0.678598,0.78125,,,,,
15,1128.0,0.39472705,0.875,,,,,
15,1129.0,0.6227138,0.78125,,,,,
15,1130.0,0.65509886,0.8125,,,,,
15,1131.0,0.5716145,0.78125,,,,,
15,1132.0,0.7610142,0.75,,,,,
15,1133.0,1.1044055,0.5625,,,,,
15,1134.0,0.9064886,0.6875,,,,,
15,1135.0,0.5324863,0.875,,,,,
15,1136.0,0.63341504,0.71875,,,,,
15,1137.0,0.62033767,0.75,,,,,
15,1138.0,0.6454728,0.75,,,,,
15,1139.0,0.5291787,0.90625,,,,,
15,1140.0,0.5956115,0.75,,,,,
15,1141.0,0.59515315,0.8125,,,,,
15,1142.0,0.52625996,0.71875,,,,,
15,1143.0,0.4588626,0.84375,,,,,
15,1144.0,0.43759954,0.875,,,,,
15,1145.0,0.6767425,0.71875,,,,,
15,1146.0,0.40848556,0.84375,,,,,
15,1147.0,0.4456058,0.875,,,,,
15,1148.0,0.47357053,0.875,,,,,
15,1149.0,0.6053414,0.84375,,,,,
15,1150.0,0.47281688,0.8125,,,,,
15,1151.0,0.81840503,0.71875,,,,,
15,1152.0,0.5454749,0.8125,,,,,
15,1153.0,0.5818073,0.75,,,,,
15,1154.0,0.5150196,0.8125,,,,,
15,1155.0,0.5481567,0.8125,,,,,
15,1156.0,0.54061353,0.84375,,,,,
15,1157.0,0.6310041,0.78125,,,,,
15,1158.0,0.69005895,0.78125,,,,,
15,1159.0,0.4416933,0.84375,,,,,
15,1160.0,0.5014839,0.90625,,,,,
15,1161.0,0.676465,0.75,,,,,
15,1162.0,0.36336482,0.84375,,,,,
15,1163.0,0.35014847,0.90625,,,,,
15,1164.0,0.5643119,0.8125,,,,,
15,1165.0,0.27271843,0.9375,,,,,
15,1166.0,0.55826914,0.78125,,,,,
15,1167.0,0.98220843,0.625,,,,,
15,1168.0,0.60471606,0.78125,,,,,
15,1169.0,0.5865555,0.75,,,,,
15,1170.0,0.8285637,0.71875,,,,,
15,1171.0,0.57609296,0.84375,,,,,
15,1172.0,0.4930934,0.84375,,,,,
15,1173.0,0.5479837,0.71875,,,,,
15,1174.0,0.65512234,0.78125,,,,,
15,1175.0,0.36190894,0.84375,,,,,
15,1176.0,0.52486444,0.78125,,,,,
15,1177.0,0.4991101,0.84375,,,,,
15,1178.0,0.8054669,0.6875,,,,,
15,1179.0,0.44153878,0.78125,,,,,
15,1180.0,0.75115174,0.71875,,,,,
15,1181.0,0.6072753,0.75,,,,,
15,1182.0,0.5228819,0.875,,,,,
15,1183.0,0.68993294,0.78125,,,,,
15,1184.0,0.76061076,0.75,,,,,
15,1185.0,0.6804454,0.71875,,,,,
15,1186.0,0.52704054,0.75,,,,,
15,,,,0.45694506,0.8508474576271187,0.8778427518313917,0.8504166666666665,0.8530556863055253
16,1187.0,0.58467954,0.8125,,,,,
16,1188.0,0.45133653,0.84375,,,,,
16,1189.0,0.5581113,0.71875,,,,,
16,1190.0,0.30829415,0.90625,,,,,
16,1191.0,0.5391956,0.78125,,,,,
16,1192.0,0.6030974,0.8125,,,,,
16,1193.0,0.70875955,0.75,,,,,
16,1194.0,0.7042904,0.75,,,,,
16,1195.0,0.4799224,0.78125,,,,,
16,1196.0,0.5197014,0.78125,,,,,
16,1197.0,0.69260365,0.71875,,,,,
16,1198.0,1.0532405,0.65625,,,,,
16,1199.0,0.29926354,0.90625,,,,,
16,1200.0,0.33081153,0.875,,,,,
16,1201.0,0.44152844,0.8125,,,,,
16,1202.0,0.7270337,0.78125,,,,,
16,1203.0,0.45400771,0.84375,,,,,
16,1204.0,0.68821514,0.75,,,,,
16,1205.0,0.6061602,0.84375,,,,,
16,1206.0,0.49595883,0.8125,,,,,
16,1207.0,0.48047474,0.875,,,,,
16,1208.0,0.66482615,0.75,,,,,
16,1209.0,0.81127256,0.71875,,,,,
16,1210.0,0.42777193,0.84375,,,,,
16,1211.0,0.3482649,0.9375,,,,,
16,1212.0,0.5532563,0.75,,,,,
16,1213.0,0.5016985,0.84375,,,,,
16,1214.0,0.62978446,0.78125,,,,,
16,1215.0,0.37470788,0.875,,,,,
16,1216.0,0.5631242,0.8125,,,,,
16,1217.0,0.7414491,0.71875,,,,,
16,1218.0,0.5002307,0.84375,,,,,
16,1219.0,0.5793678,0.84375,,,,,
16,1220.0,0.38941365,0.8125,,,,,
16,1221.0,0.48676902,0.84375,,,,,
16,1222.0,0.5379048,0.8125,,,,,
16,1223.0,0.56154126,0.875,,,,,
16,1224.0,0.59619373,0.78125,,,,,
16,1225.0,0.67977095,0.71875,,,,,
16,1226.0,1.2105856,0.53125,,,,,
16,1227.0,0.6445576,0.78125,,,,,
16,1228.0,0.5923592,0.8125,,,,,
16,1229.0,0.4215609,0.8125,,,,,
16,1230.0,0.32936305,0.9375,,,,,
16,1231.0,0.6491353,0.75,,,,,
16,1232.0,0.22546197,0.90625,,,,,
16,1233.0,0.53632706,0.8125,,,,,
16,1234.0,0.63835126,0.78125,,,,,
16,1235.0,0.5088596,0.875,,,,,
16,1236.0,0.22325127,0.96875,,,,,
16,1237.0,0.46293142,0.875,,,,,
16,1238.0,0.77633625,0.75,,,,,
16,1239.0,0.23516835,0.96875,,,,,
16,1240.0,0.3732016,0.84375,,,,,
16,1241.0,0.91260934,0.59375,,,,,
16,1242.0,0.49073553,0.8125,,,,,
16,1243.0,0.5319535,0.8125,,,,,
16,1244.0,0.46987972,0.78125,,,,,
16,1245.0,0.50785655,0.875,,,,,
16,1246.0,0.6588568,0.78125,,,,,
16,1247.0,0.30112594,0.9375,,,,,
16,1248.0,0.5956717,0.71875,,,,,
16,1249.0,0.45148933,0.875,,,,,
16,1250.0,0.51791924,0.78125,,,,,
16,1251.0,0.7489184,0.84375,,,,,
16,1252.0,0.33702642,0.90625,,,,,
16,1253.0,0.79551107,0.6875,,,,,
16,1254.0,0.55441004,0.84375,,,,,
16,1255.0,0.58550686,0.8125,,,,,
16,1256.0,0.3601973,0.875,,,,,
16,1257.0,0.75648737,0.65625,,,,,
16,1258.0,0.58908904,0.875,,,,,
16,1259.0,0.67060083,0.8125,,,,,
16,1260.0,0.5447349,0.75,,,,,
16,,,,0.73645514,0.7661016949152543,0.838834456875694,0.7675000000000001,0.7735872250300364
17,1261.0,0.48896843,0.90625,,,,,
17,1262.0,0.2022144,0.9375,,,,,
17,1263.0,0.47993878,0.84375,,,,,
17,1264.0,0.23977165,0.96875,,,,,
17,1265.0,0.3687138,0.90625,,,,,
17,1266.0,0.44478697,0.78125,,,,,
17,1267.0,0.20867038,0.90625,,,,,
17,1268.0,0.34877902,0.875,,,,,
17,1269.0,0.50826293,0.875,,,,,
17,1270.0,0.4352794,0.84375,,,,,
17,1271.0,0.25983322,0.9375,,,,,
17,1272.0,0.4685552,0.875,,,,,
17,1273.0,0.4546519,0.8125,,,,,
17,1274.0,0.714121,0.71875,,,,,
17,1275.0,0.49329892,0.78125,,,,,
17,1276.0,0.8811944,0.6875,,,,,
17,1277.0,0.7687737,0.6875,,,,,
17,1278.0,0.50005513,0.8125,,,,,
17,1279.0,0.70891285,0.6875,,,,,
17,1280.0,0.5551519,0.8125,,,,,
17,1281.0,0.43072355,0.90625,,,,,
17,1282.0,0.4314107,0.84375,,,,,
17,1283.0,0.4259182,0.78125,,,,,
17,1284.0,0.45472783,0.78125,,,,,
17,1285.0,0.5840954,0.8125,,,,,
17,1286.0,0.5182765,0.84375,,,,,
17,1287.0,0.4337452,0.875,,,,,
17,1288.0,0.31448686,0.875,,,,,
17,1289.0,0.3600727,0.8125,,,,,
17,1290.0,0.51821285,0.8125,,,,,
17,1291.0,0.48312148,0.84375,,,,,
17,1292.0,0.50195134,0.84375,,,,,
17,1293.0,0.6912372,0.71875,,,,,
17,1294.0,0.4911835,0.84375,,,,,
17,1295.0,0.25839353,0.875,,,,,
17,1296.0,0.48525038,0.8125,,,,,
17,1297.0,0.4207674,0.84375,,,,,
17,1298.0,0.54169214,0.75,,,,,
17,1299.0,0.48424685,0.8125,,,,,
17,1300.0,0.6072083,0.78125,,,,,
17,1301.0,0.47610262,0.78125,,,,,
17,1302.0,0.85352343,0.71875,,,,,
17,1303.0,0.5540251,0.78125,,,,,
17,1304.0,0.42296103,0.84375,,,,,
17,1305.0,0.50357497,0.8125,,,,,
17,1306.0,1.0723245,0.65625,,,,,
17,1307.0,0.36715814,0.875,,,,,
17,1308.0,0.45546547,0.84375,,,,,
17,1309.0,0.450622,0.875,,,,,
17,1310.0,0.56322974,0.84375,,,,,
17,1311.0,0.5564447,0.8125,,,,,
17,1312.0,0.5750928,0.8125,,,,,
17,1313.0,0.3286978,0.90625,,,,,
17,1314.0,0.6473881,0.8125,,,,,
17,1315.0,0.21764575,0.90625,,,,,
17,1316.0,0.74473125,0.65625,,,,,
17,1317.0,0.7229769,0.71875,,,,,
17,1318.0,0.40758514,0.875,,,,,
17,1319.0,0.4802057,0.8125,,,,,
17,1320.0,0.78385884,0.78125,,,,,
17,1321.0,0.6682389,0.78125,,,,,
17,1322.0,0.46499163,0.8125,,,,,
17,1323.0,0.27895072,0.875,,,,,
17,1324.0,0.42308962,0.875,,,,,
17,1325.0,0.4582843,0.84375,,,,,
17,1326.0,0.32871237,0.875,,,,,
17,1327.0,0.42720217,0.84375,,,,,
17,1328.0,0.39385688,0.875,,,,,
17,1329.0,1.2454308,0.6875,,,,,
17,1330.0,0.27699885,0.90625,,,,,
17,1331.0,0.4735836,0.84375,,,,,
17,1332.0,0.69116956,0.75,,,,,
17,1333.0,0.59405863,0.78125,,,,,
17,1334.0,0.94934314,0.7083333333333334,,,,,
17,,,,0.4597283,0.8406779661016949,0.8629874793358677,0.8408333333333333,0.8435200266330143
18,1335.0,0.6941873,0.78125,,,,,
18,1336.0,0.6664506,0.84375,,,,,
18,1337.0,0.4223215,0.8125,,,,,
18,1338.0,0.56235826,0.8125,,,,,
18,1339.0,0.4941871,0.78125,,,,,
18,1340.0,0.44026175,0.875,,,,,
18,1341.0,0.30840245,0.84375,,,,,
18,1342.0,0.4499822,0.8125,,,,,
18,1343.0,0.46284026,0.84375,,,,,
18,1344.0,0.44705945,0.90625,,,,,
18,1345.0,0.53250885,0.8125,,,,,
18,1346.0,0.42995885,0.90625,,,,,
18,1347.0,0.5900932,0.84375,,,,,
18,1348.0,0.5314387,0.8125,,,,,
18,1349.0,0.27354905,0.9375,,,,,
18,1350.0,0.712981,0.75,,,,,
18,1351.0,0.33160216,0.875,,,,,
18,1352.0,0.5630169,0.8125,,,,,
18,1353.0,0.6713339,0.71875,,,,,
18,1354.0,0.36672175,0.90625,,,,,
18,1355.0,0.44666216,0.78125,,,,,
18,1356.0,0.58028,0.78125,,,,,
18,1357.0,0.47800472,0.90625,,,,,
18,1358.0,0.6853741,0.78125,,,,,
18,1359.0,0.28684905,0.84375,,,,,
18,1360.0,0.29301146,0.90625,,,,,
18,1361.0,0.4193415,0.84375,,,,,
18,1362.0,0.54104424,0.71875,,,,,
18,1363.0,0.61016625,0.8125,,,,,
18,1364.0,0.74369246,0.6875,,,,,
18,1365.0,0.31439236,0.90625,,,,,
18,1366.0,0.56601274,0.8125,,,,,
18,1367.0,0.31928638,0.875,,,,,
18,1368.0,0.9012699,0.78125,,,,,
18,1369.0,0.40506074,0.875,,,,,
18,1370.0,0.6287819,0.75,,,,,
18,1371.0,0.40941477,0.84375,,,,,
18,1372.0,0.62221354,0.75,,,,,
18,1373.0,0.48733988,0.875,,,,,
18,1374.0,0.62096035,0.78125,,,,,
18,1375.0,0.42525956,0.875,,,,,
18,1376.0,0.6086683,0.75,,,,,
18,1377.0,0.6024109,0.8125,,,,,
18,1378.0,0.33637458,0.875,,,,,
18,1379.0,0.29336166,0.90625,,,,,
18,1380.0,0.47479033,0.84375,,,,,
18,1381.0,1.0515723,0.71875,,,,,
18,1382.0,0.66809964,0.78125,,,,,
18,1383.0,0.81142545,0.75,,,,,
18,1384.0,0.49249443,0.84375,,,,,
18,1385.0,0.39396337,0.8125,,,,,
18,1386.0,0.6672065,0.78125,,,,,
18,1387.0,0.3010885,0.90625,,,,,
18,1388.0,0.38305765,0.875,,,,,
18,1389.0,0.7803729,0.75,,,,,
18,1390.0,0.5145759,0.84375,,,,,
18,1391.0,0.3559153,0.875,,,,,
18,1392.0,0.46307617,0.8125,,,,,
18,1393.0,0.40418732,0.875,,,,,
18,1394.0,0.47331405,0.84375,,,,,
18,1395.0,0.2819007,0.875,,,,,
18,1396.0,0.45411813,0.84375,,,,,
18,1397.0,0.8807068,0.625,,,,,
18,1398.0,0.4943136,0.84375,,,,,
18,1399.0,0.5620725,0.75,,,,,
18,1400.0,0.31047902,0.84375,,,,,
18,1401.0,0.54417473,0.84375,,,,,
18,1402.0,0.4320851,0.8125,,,,,
18,1403.0,0.2961194,0.9375,,,,,
18,1404.0,0.48738632,0.84375,,,,,
18,1405.0,0.60051316,0.84375,,,,,
18,1406.0,0.51244456,0.84375,,,,,
18,1407.0,0.64699024,0.6875,,,,,
18,1408.0,0.6496789,0.75,,,,,
18,,,,0.46298584,0.8271186440677966,0.8537255669427569,0.8270833333333334,0.8334273192065265
19,1409.0,0.72949654,0.75,,,,,
19,1410.0,0.528241,0.78125,,,,,
19,1411.0,0.29637858,0.96875,,,,,
19,1412.0,0.41346207,0.84375,,,,,
19,1413.0,0.5101845,0.75,,,,,
19,1414.0,0.4697076,0.875,,,,,
19,1415.0,0.7379767,0.78125,,,,,
19,1416.0,0.7309387,0.84375,,,,,
19,1417.0,0.4881978,0.84375,,,,,
19,1418.0,0.49609366,0.78125,,,,,
19,1419.0,0.4009002,0.875,,,,,
19,1420.0,0.2932347,0.875,,,,,
19,1421.0,0.33140734,0.90625,,,,,
19,1422.0,0.26304656,0.9375,,,,,
19,1423.0,0.75661325,0.75,,,,,
19,1424.0,0.29558727,0.96875,,,,,
19,1425.0,0.43163726,0.84375,,,,,
19,1426.0,0.51562107,0.75,,,,,
19,1427.0,0.54638076,0.8125,,,,,
19,1428.0,0.4281305,0.8125,,,,,
19,1429.0,0.65046656,0.78125,,,,,
19,1430.0,0.76021045,0.75,,,,,
19,1431.0,0.3151991,0.875,,,,,
19,1432.0,0.7792356,0.71875,,,,,
19,1433.0,0.5071384,0.84375,,,,,
19,1434.0,0.12648647,1.0,,,,,
19,1435.0,0.36138302,0.84375,,,,,
19,1436.0,0.42958957,0.875,,,,,
19,1437.0,0.47298574,0.84375,,,,,
19,1438.0,0.57192534,0.78125,,,,,
19,1439.0,0.29855838,0.90625,,,,,
19,1440.0,0.367979,0.8125,,,,,
19,1441.0,0.40770608,0.875,,,,,
19,1442.0,0.38933507,0.875,,,,,
19,1443.0,0.3244614,0.9375,,,,,
19,1444.0,0.365159,0.84375,,,,,
19,1445.0,0.7610945,0.84375,,,,,
19,1446.0,0.6457571,0.75,,,,,
19,1447.0,0.30465928,0.84375,,,,,
19,1448.0,0.33712438,0.90625,,,,,
19,1449.0,0.26701337,0.90625,,,,,
19,1450.0,0.7519228,0.75,,,,,
19,1451.0,0.37760445,0.8125,,,,,
19,1452.0,0.5176407,0.84375,,,,,
19,1453.0,0.84633124,0.65625,,,,,
19,1454.0,0.511417,0.84375,,,,,
19,1455.0,0.538319,0.8125,,,,,
19,1456.0,0.34923097,0.875,,,,,
19,1457.0,0.8164147,0.8125,,,,,
19,1458.0,0.27385992,0.90625,,,,,
19,1459.0,0.29964778,0.90625,,,,,
19,1460.0,0.66276526,0.78125,,,,,
19,1461.0,0.46348897,0.78125,,,,,
19,1462.0,0.4746456,0.78125,,,,,
19,1463.0,0.32033974,0.875,,,,,
19,1464.0,0.36024922,0.90625,,,,,
19,1465.0,0.39675757,0.84375,,,,,
19,1466.0,0.582032,0.78125,,,,,
19,1467.0,0.35913002,0.90625,,,,,
19,1468.0,0.4331919,0.90625,,,,,
19,1469.0,0.30837712,0.9375,,,,,
19,1470.0,0.5100504,0.875,,,,,
19,1471.0,0.8292945,0.71875,,,,,
19,1472.0,0.47526082,0.8125,,,,,
19,1473.0,0.32079268,0.90625,,,,,
19,1474.0,0.41635093,0.84375,,,,,
19,1475.0,0.49663106,0.875,,,,,
19,1476.0,0.54301286,0.75,,,,,
19,1477.0,0.4502046,0.84375,,,,,
19,1478.0,0.33114165,0.875,,,,,
19,1479.0,0.6457796,0.71875,,,,,
19,1480.0,0.4822981,0.78125,,,,,
19,1481.0,0.56732076,0.8125,,,,,
19,1482.0,0.7231633,0.7916666666666666,,,,,
19,,,,0.39858767,0.8406779661016949,0.8721444769175509,0.8408333333333333,0.8436684644477915
20,1483.0,0.53767425,0.84375,,,,,
20,1484.0,0.5300453,0.78125,,,,,
20,1485.0,0.34633875,0.875,,,,,
20,1486.0,0.397559,0.8125,,,,,
20,1487.0,0.38877752,0.90625,,,,,
20,1488.0,0.56220835,0.8125,,,,,
20,1489.0,0.5960608,0.8125,,,,,
20,1490.0,0.3687311,0.90625,,,,,
20,1491.0,0.5418872,0.84375,,,,,
20,1492.0,0.54332775,0.8125,,,,,
20,1493.0,0.38921753,0.84375,,,,,
20,1494.0,0.49411017,0.8125,,,,,
20,1495.0,0.35805777,0.84375,,,,,
20,1496.0,0.18509465,0.9375,,,,,
20,1497.0,0.58520085,0.8125,,,,,
20,1498.0,0.24296446,0.90625,,,,,
20,1499.0,0.29391035,0.90625,,,,,
20,1500.0,0.62173295,0.78125,,,,,
20,1501.0,0.29806402,0.84375,,,,,
20,1502.0,0.2119679,0.96875,,,,,
20,1503.0,0.25351483,0.875,,,,,
20,1504.0,0.24062996,0.875,,,,,
20,1505.0,0.31981012,0.875,,,,,
20,1506.0,0.38259894,0.875,,,,,
20,1507.0,0.47730336,0.84375,,,,,
20,1508.0,0.3769891,0.875,,,,,
20,1509.0,0.6148729,0.78125,,,,,
20,1510.0,0.30753016,0.9375,,,,,
20,1511.0,0.45834324,0.84375,,,,,
20,1512.0,0.45347863,0.90625,,,,,
20,1513.0,0.49813086,0.8125,,,,,
20,1514.0,0.59205186,0.78125,,,,,
20,1515.0,0.44592378,0.78125,,,,,
20,1516.0,0.49580124,0.78125,,,,,
20,1517.0,0.35714993,0.90625,,,,,
20,1518.0,0.4137816,0.84375,,,,,
20,1519.0,0.7288318,0.6875,,,,,
20,1520.0,0.30019945,0.90625,,,,,
20,1521.0,0.43742526,0.875,,,,,
20,1522.0,0.5689298,0.75,,,,,
20,1523.0,0.4802603,0.8125,,,,,
20,1524.0,0.18463649,0.9375,,,,,
20,1525.0,0.6445837,0.75,,,,,
20,1526.0,0.3616994,0.84375,,,,,
20,1527.0,0.75312096,0.75,,,,,
20,1528.0,0.5068875,0.75,,,,,
20,1529.0,0.2299232,0.96875,,,,,
20,1530.0,0.7283393,0.75,,,,,
20,1531.0,0.5324113,0.71875,,,,,
20,1532.0,0.47041458,0.84375,,,,,
20,1533.0,0.5042292,0.875,,,,,
20,1534.0,0.41329375,0.8125,,,,,
20,1535.0,0.40086418,0.8125,,,,,
20,1536.0,0.5073852,0.875,,,,,
20,1537.0,0.296751,0.90625,,,,,
20,1538.0,0.595544,0.75,,,,,
20,1539.0,0.46719086,0.8125,,,,,
20,1540.0,0.5919341,0.71875,,,,,
20,1541.0,0.438674,0.84375,,,,,
20,1542.0,0.39675382,0.875,,,,,
20,1543.0,0.5568084,0.8125,,,,,
20,1544.0,0.49874464,0.84375,,,,,
20,1545.0,0.4161952,0.78125,,,,,
20,1546.0,0.45492172,0.8125,,,,,
20,1547.0,0.40508187,0.875,,,,,
20,1548.0,0.43156806,0.875,,,,,
20,1549.0,0.6922353,0.75,,,,,
20,1550.0,0.2081196,0.90625,,,,,
20,1551.0,0.6905664,0.8125,,,,,
20,1552.0,0.41868046,0.84375,,,,,
20,1553.0,0.7832137,0.6875,,,,,
20,1554.0,0.52976227,0.8125,,,,,
20,1555.0,0.4340748,0.84375,,,,,
20,1556.0,0.6680989,0.7916666666666666,,,,,
20,,,,0.45775273,0.8389830508474576,0.8640652606157714,0.84,0.8442046013247927
21,1557.0,0.40995514,0.78125,,,,,
21,1558.0,0.54193884,0.8125,,,,,
21,1559.0,0.6616335,0.78125,,,,,
21,1560.0,0.2976841,0.90625,,,,,
21,1561.0,0.51861113,0.84375,,,,,
21,1562.0,0.52260995,0.84375,,,,,
21,1563.0,0.4549561,0.8125,,,,,
21,1564.0,0.2492862,0.875,,,,,
21,1565.0,0.46838272,0.84375,,,,,
21,1566.0,0.4245181,0.84375,,,,,
21,1567.0,0.46951243,0.78125,,,,,
21,1568.0,0.3321542,0.875,,,,,
21,1569.0,0.3678857,0.875,,,,,
21,1570.0,0.5107601,0.84375,,,,,
21,1571.0,0.3005848,0.84375,,,,,
21,1572.0,0.17787667,0.9375,,,,,
21,1573.0,0.59793913,0.8125,,,,,
21,1574.0,0.3042447,0.875,,,,,
21,1575.0,0.3174301,0.90625,,,,,
21,1576.0,0.4818382,0.84375,,,,,
21,1577.0,0.39243835,0.84375,,,,,
21,1578.0,0.19856963,0.9375,,,,,
21,1579.0,0.29510808,0.90625,,,,,
21,1580.0,0.27401477,0.90625,,,,,
21,1581.0,0.25197023,0.96875,,,,,
21,1582.0,0.5925379,0.75,,,,,
21,1583.0,0.29514605,0.9375,,,,,
21,1584.0,0.31829572,0.90625,,,,,
21,1585.0,0.6663914,0.75,,,,,
21,1586.0,0.53776747,0.78125,,,,,
21,1587.0,0.5155808,0.8125,,,,,
21,1588.0,0.36979425,0.875,,,,,
21,1589.0,0.5377672,0.84375,,,,,
21,1590.0,0.44689465,0.84375,,,,,
21,1591.0,0.6335888,0.71875,,,,,
21,1592.0,0.38753447,0.84375,,,,,
21,1593.0,0.48676088,0.84375,,,,,
21,1594.0,0.31252545,0.875,,,,,
21,1595.0,0.44301888,0.875,,,,,
21,1596.0,0.39193797,0.875,,,,,
21,1597.0,0.4213252,0.875,,,,,
21,1598.0,0.19177033,0.96875,,,,,
21,1599.0,0.36550516,0.8125,,,,,
21,1600.0,0.43969518,0.90625,,,,,
21,1601.0,0.5179563,0.8125,,,,,
21,1602.0,0.4081661,0.875,,,,,
21,1603.0,0.46620777,0.8125,,,,,
21,1604.0,0.5217079,0.84375,,,,,
21,1605.0,0.21863684,0.96875,,,,,
21,1606.0,0.4219196,0.90625,,,,,
21,1607.0,0.4737509,0.78125,,,,,
21,1608.0,0.31056285,0.90625,,,,,
21,1609.0,0.65691364,0.78125,,,,,
21,1610.0,0.53358024,0.84375,,,,,
21,1611.0,0.3279316,0.90625,,,,,
21,1612.0,0.65642333,0.78125,,,,,
21,1613.0,0.18590513,0.9375,,,,,
21,1614.0,0.54213375,0.75,,,,,
21,1615.0,0.34740058,0.9375,,,,,
21,1616.0,0.4640476,0.875,,,,,
21,1617.0,0.30861905,0.9375,,,,,
21,1618.0,0.39029384,0.90625,,,,,
21,1619.0,0.489824,0.84375,,,,,
21,1620.0,0.33647346,0.84375,,,,,
21,1621.0,0.49734604,0.78125,,,,,
21,1622.0,0.65153456,0.71875,,,,,
21,1623.0,0.34115568,0.90625,,,,,
21,1624.0,0.5371361,0.8125,,,,,
21,1625.0,0.5146623,0.8125,,,,,
21,1626.0,0.47427997,0.8125,,,,,
21,1627.0,0.51558,0.8125,,,,,
21,1628.0,0.16630319,0.96875,,,,,
21,1629.0,0.31381825,0.90625,,,,,
21,1630.0,0.33557165,0.9166666666666666,,,,,
21,,,,0.4105777,0.8593220338983051,0.8858352449998365,0.86,0.8640130506580842
22,1631.0,0.28119084,0.90625,,,,,
22,1632.0,0.1966855,0.9375,,,,,
22,1633.0,0.5951272,0.75,,,,,
22,1634.0,0.6098812,0.8125,,,,,
22,1635.0,0.38266245,0.875,,,,,
22,1636.0,0.61529493,0.8125,,,,,
22,1637.0,0.31782746,0.875,,,,,
22,1638.0,0.25690535,0.90625,,,,,
22,1639.0,0.6360027,0.8125,,,,,
22,1640.0,0.48988143,0.875,,,,,
22,1641.0,0.42498067,0.84375,,,,,
22,1642.0,0.29679522,0.90625,,,,,
22,1643.0,0.53658134,0.875,,,,,
22,1644.0,0.531552,0.84375,,,,,
22,1645.0,0.23263836,0.9375,,,,,
22,1646.0,0.48608136,0.78125,,,,,
22,1647.0,0.5042646,0.75,,,,,
22,1648.0,0.23572388,0.90625,,,,,
22,1649.0,0.46932322,0.8125,,,,,
22,1650.0,0.23635024,0.9375,,,,,
22,1651.0,0.20696649,0.90625,,,,,
22,1652.0,0.7434275,0.71875,,,,,
22,1653.0,0.7153348,0.78125,,,,,
22,1654.0,0.6388923,0.84375,,,,,
22,1655.0,0.5075046,0.8125,,,,,
22,1656.0,0.19887939,0.90625,,,,,
22,1657.0,0.34151098,0.9375,,,,,
22,1658.0,0.32636175,0.90625,,,,,
22,1659.0,0.27958956,0.90625,,,,,
22,1660.0,0.44242203,0.875,,,,,
22,1661.0,0.3005708,0.875,,,,,
22,1662.0,0.4659382,0.84375,,,,,
22,1663.0,0.39714575,0.84375,,,,,
22,1664.0,0.39909467,0.9375,,,,,
22,1665.0,0.43751422,0.8125,,,,,
22,1666.0,0.7844794,0.71875,,,,,
22,1667.0,0.79778403,0.78125,,,,,
22,1668.0,0.3966172,0.84375,,,,,
22,1669.0,0.48288715,0.84375,,,,,
22,1670.0,0.5260048,0.875,,,,,
22,1671.0,0.33284387,0.84375,,,,,
22,1672.0,0.33706635,0.90625,,,,,
22,1673.0,0.29911414,0.90625,,,,,
22,1674.0,0.43498704,0.84375,,,,,
22,1675.0,0.3084688,0.875,,,,,
22,1676.0,0.4237841,0.84375,,,,,
22,1677.0,0.2599402,0.875,,,,,
22,1678.0,0.22668746,0.90625,,,,,
22,1679.0,0.34998986,0.78125,,,,,
22,1680.0,0.45923382,0.875,,,,,
22,1681.0,0.5134577,0.8125,,,,,
22,1682.0,0.72098565,0.75,,,,,
22,1683.0,0.5274506,0.84375,,,,,
22,1684.0,0.15843388,0.96875,,,,,
22,1685.0,0.4107132,0.84375,,,,,
22,1686.0,0.3139531,0.875,,,,,
22,1687.0,0.5480245,0.75,,,,,
22,1688.0,0.5770228,0.78125,,,,,
22,1689.0,0.4870075,0.8125,,,,,
22,1690.0,0.35598728,0.875,,,,,
22,1691.0,0.1085288,1.0,,,,,
22,1692.0,0.63181823,0.75,,,,,
22,1693.0,0.43309572,0.90625,,,,,
22,1694.0,0.32292023,0.90625,,,,,
22,1695.0,0.33465162,0.90625,,,,,
22,1696.0,0.46564054,0.84375,,,,,
22,1697.0,0.22042699,0.9375,,,,,
22,1698.0,0.31845748,0.875,,,,,
22,1699.0,0.5168507,0.84375,,,,,
22,1700.0,0.3495202,0.875,,,,,
22,1701.0,0.65462315,0.8125,,,,,
22,1702.0,0.44339922,0.875,,,,,
22,1703.0,0.36211276,0.84375,,,,,
22,1704.0,0.40216136,0.7916666666666666,,,,,
22,,,,0.37652025,0.8508474576271187,0.8767982799077242,0.8508333333333332,0.8587116769726902
23,1705.0,0.38870645,0.84375,,,,,
23,1706.0,0.27159542,0.90625,,,,,
23,1707.0,0.21665362,0.90625,,,,,
23,1708.0,0.22777788,0.9375,,,,,
23,1709.0,0.37374532,0.84375,,,,,
23,1710.0,0.4907876,0.8125,,,,,
23,1711.0,0.28610882,0.9375,,,,,
23,1712.0,0.39214972,0.84375,,,,,
23,1713.0,0.23660563,0.875,,,,,
23,1714.0,0.58103377,0.78125,,,,,
23,1715.0,0.8391907,0.8125,,,,,
23,1716.0,0.44276854,0.875,,,,,
23,1717.0,0.52567375,0.8125,,,,,
23,1718.0,0.3557995,0.90625,,,,,
23,1719.0,0.4290904,0.84375,,,,,
23,1720.0,0.25782937,0.90625,,,,,
23,1721.0,0.41255647,0.78125,,,,,
23,1722.0,0.27550977,0.875,,,,,
23,1723.0,0.58249605,0.78125,,,,,
23,1724.0,0.34734896,0.90625,,,,,
23,1725.0,0.57254314,0.84375,,,,,
23,1726.0,0.3158717,0.90625,,,,,
23,1727.0,0.39738357,0.90625,,,,,
23,1728.0,0.30977428,0.875,,,,,
23,1729.0,0.261735,0.9375,,,,,
23,1730.0,0.5204668,0.84375,,,,,
23,1731.0,0.3244795,0.9375,,,,,
23,1732.0,0.38120067,0.84375,,,,,
23,1733.0,0.3989105,0.875,,,,,
23,1734.0,0.5387867,0.875,,,,,
23,1735.0,0.4327574,0.84375,,,,,
23,1736.0,0.32289734,0.90625,,,,,
23,1737.0,0.3429721,0.875,,,,,
23,1738.0,0.32238644,0.9375,,,,,
23,1739.0,0.34043646,0.875,,,,,
23,1740.0,0.5838847,0.84375,,,,,
23,1741.0,0.58728063,0.78125,,,,,
23,1742.0,0.67030376,0.65625,,,,,
23,1743.0,0.50834805,0.78125,,,,,
23,1744.0,0.76379335,0.71875,,,,,
23,1745.0,0.74844813,0.71875,,,,,
23,1746.0,0.39240527,0.875,,,,,
23,1747.0,0.50633025,0.78125,,,,,
23,1748.0,0.31873918,0.84375,,,,,
23,1749.0,0.521653,0.78125,,,,,
23,1750.0,0.42079335,0.8125,,,,,
23,1751.0,0.35888377,0.90625,,,,,
23,1752.0,0.71706915,0.78125,,,,,
23,1753.0,0.43093076,0.84375,,,,,
23,1754.0,0.3266247,0.84375,,,,,
23,1755.0,0.5598793,0.8125,,,,,
23,1756.0,0.17770535,0.9375,,,,,
23,1757.0,0.4362414,0.90625,,,,,
23,1758.0,0.39655358,0.9375,,,,,
23,1759.0,0.7283172,0.78125,,,,,
23,1760.0,0.43556345,0.90625,,,,,
23,1761.0,0.39207116,0.84375,,,,,
23,1762.0,0.713325,0.8125,,,,,
23,1763.0,0.25356856,0.9375,,,,,
23,1764.0,0.6224569,0.78125,,,,,
23,1765.0,0.13115792,1.0,,,,,
23,1766.0,0.2715203,0.9375,,,,,
23,1767.0,0.4291253,0.84375,,,,,
23,1768.0,0.19872548,0.9375,,,,,
23,1769.0,0.39508575,0.84375,,,,,
23,1770.0,0.47149274,0.78125,,,,,
23,1771.0,0.43638307,0.84375,,,,,
23,1772.0,0.2766318,0.9375,,,,,
23,1773.0,0.5385673,0.78125,,,,,
23,1774.0,0.2878413,0.9375,,,,,
23,1775.0,0.4916025,0.8125,,,,,
23,1776.0,0.52124125,0.78125,,,,,
23,1777.0,0.42467085,0.84375,,,,,
23,1778.0,0.97092104,0.7083333333333334,,,,,
23,,,,0.32316998,0.8728813559322034,0.8890592113122953,0.8729166666666668,0.8752269392695902
24,1779.0,0.33141935,0.9375,,,,,
24,1780.0,0.35069478,0.875,,,,,
24,1781.0,0.26113313,0.90625,,,,,
24,1782.0,0.5272059,0.84375,,,,,
24,1783.0,0.53544855,0.78125,,,,,
24,1784.0,0.28744313,0.90625,,,,,
24,1785.0,0.37177336,0.875,,,,,
24,1786.0,0.21941872,0.90625,,,,,
24,1787.0,0.28393874,0.9375,,,,,
24,1788.0,0.6022773,0.8125,,,,,
24,1789.0,0.3909019,0.90625,,,,,
24,1790.0,0.4168604,0.84375,,,,,
24,1791.0,0.6005762,0.75,,,,,
24,1792.0,0.4158822,0.875,,,,,
24,1793.0,0.34154254,0.84375,,,,,
24,1794.0,0.24869041,0.90625,,,,,
24,1795.0,0.2505706,0.90625,,,,,
24,1796.0,0.8204645,0.75,,,,,
24,1797.0,0.49107003,0.84375,,,,,
24,1798.0,0.31624842,0.90625,,,,,
24,1799.0,0.5447575,0.75,,,,,
24,1800.0,0.34136996,0.84375,,,,,
24,1801.0,0.40849656,0.84375,,,,,
24,1802.0,0.45308444,0.875,,,,,
24,1803.0,0.39111906,0.84375,,,,,
24,1804.0,0.26842496,0.9375,,,,,
24,1805.0,0.45206094,0.8125,,,,,
24,1806.0,0.45506978,0.8125,,,,,
24,1807.0,0.19965202,0.96875,,,,,
24,1808.0,0.21265432,0.9375,,,,,
24,1809.0,0.34319484,0.875,,,,,
24,1810.0,0.26217377,0.90625,,,,,
24,1811.0,0.6640501,0.75,,,,,
24,1812.0,0.37821978,0.8125,,,,,
24,1813.0,0.38885164,0.8125,,,,,
24,1814.0,0.62775123,0.75,,,,,
24,1815.0,0.46613958,0.875,,,,,
24,1816.0,0.2837072,0.90625,,,,,
24,1817.0,0.34782666,0.84375,,,,,
24,1818.0,0.18086857,0.9375,,,,,
24,1819.0,0.5237951,0.75,,,,,
24,1820.0,0.44925392,0.84375,,,,,
24,1821.0,0.5481871,0.8125,,,,,
24,1822.0,0.4140639,0.90625,,,,,
24,1823.0,0.120588206,1.0,,,,,
24,1824.0,0.41790125,0.84375,,,,,
24,1825.0,0.46233886,0.875,,,,,
24,1826.0,0.5149055,0.75,,,,,
24,1827.0,0.67065996,0.6875,,,,,
24,1828.0,0.6452732,0.71875,,,,,
24,1829.0,0.32457313,0.9375,,,,,
24,1830.0,0.2817647,0.9375,,,,,
24,1831.0,0.2791499,0.9375,,,,,
24,1832.0,0.29530984,0.90625,,,,,
24,1833.0,0.59882504,0.75,,,,,
24,1834.0,0.4801376,0.8125,,,,,
24,1835.0,0.6710259,0.78125,,,,,
24,1836.0,0.63846725,0.78125,,,,,
24,1837.0,0.3198046,0.9375,,,,,
24,1838.0,0.27897212,0.90625,,,,,
24,1839.0,0.54022163,0.71875,,,,,
24,1840.0,0.8102876,0.71875,,,,,
24,1841.0,0.43060154,0.78125,,,,,
24,1842.0,0.66078156,0.84375,,,,,
24,1843.0,0.36111578,0.90625,,,,,
24,1844.0,0.63191926,0.78125,,,,,
24,1845.0,0.278512,0.9375,,,,,
24,1846.0,0.60444933,0.75,,,,,
24,1847.0,0.795459,0.6875,,,,,
24,1848.0,0.88191897,0.65625,,,,,
24,1849.0,0.25356004,0.90625,,,,,
24,1850.0,0.35513824,0.84375,,,,,
24,1851.0,0.64298,0.78125,,,,,
24,1852.0,0.3014912,0.9583333333333334,,,,,
24,,,,0.38450414,0.8661016949152542,0.9069638959164804,0.86625,0.8738846809482226
25,1853.0,0.40699184,0.84375,,,,,
25,1854.0,0.55810684,0.84375,,,,,
25,1855.0,0.30046225,0.875,,,,,
25,1856.0,0.31671637,0.875,,,,,
25,1857.0,0.34711424,0.90625,,,,,
25,1858.0,0.20646946,0.9375,,,,,
25,1859.0,0.32152203,0.9375,,,,,
25,1860.0,0.23690604,0.90625,,,,,
25,1861.0,0.45519117,0.8125,,,,,
25,1862.0,0.28918725,0.9375,,,,,
25,1863.0,0.35307136,0.875,,,,,
25,1864.0,0.58938354,0.78125,,,,,
25,1865.0,0.50839305,0.84375,,,,,
25,1866.0,0.6660298,0.78125,,,,,
25,1867.0,0.42182133,0.8125,,,,,
25,1868.0,0.29306322,0.90625,,,,,
25,1869.0,0.2594184,0.90625,,,,,
25,1870.0,0.3083195,0.9375,,,,,
25,1871.0,0.20068382,0.96875,,,,,
25,1872.0,0.33220384,0.90625,,,,,
25,1873.0,0.21865574,0.9375,,,,,
25,1874.0,0.25901115,0.9375,,,,,
25,1875.0,0.36166915,0.84375,,,,,
25,1876.0,0.39167348,0.90625,,,,,
25,1877.0,0.65046406,0.84375,,,,,
25,1878.0,0.3253459,0.90625,,,,,
25,1879.0,0.3549718,0.90625,,,,,
25,1880.0,0.40896365,0.875,,,,,
25,1881.0,0.08687617,0.96875,,,,,
25,1882.0,0.3410348,0.875,,,,,
25,1883.0,0.68620855,0.78125,,,,,
25,1884.0,0.27553394,0.90625,,,,,
25,1885.0,0.5970153,0.78125,,,,,
25,1886.0,0.47457138,0.78125,,,,,
25,1887.0,0.47250876,0.75,,,,,
25,1888.0,0.47084916,0.84375,,,,,
25,1889.0,0.250647,0.875,,,,,
25,1890.0,0.7239856,0.78125,,,,,
25,1891.0,0.13349378,0.96875,,,,,
25,1892.0,0.6895162,0.6875,,,,,
25,1893.0,0.5466206,0.78125,,,,,
25,1894.0,0.43449017,0.875,,,,,
25,1895.0,0.39457598,0.8125,,,,,
25,1896.0,0.3298612,0.84375,,,,,
25,1897.0,0.30720115,0.90625,,,,,
25,1898.0,0.49171808,0.8125,,,,,
25,1899.0,0.25699136,0.90625,,,,,
25,1900.0,0.562433,0.78125,,,,,
25,1901.0,0.39922136,0.84375,,,,,
25,1902.0,0.16056313,0.9375,,,,,
25,1903.0,0.43594992,0.84375,,,,,
25,1904.0,0.5908196,0.90625,,,,,
25,1905.0,0.47304255,0.90625,,,,,
25,1906.0,0.63420147,0.78125,,,,,
25,1907.0,0.27151072,0.875,,,,,
25,1908.0,0.48427212,0.84375,,,,,
25,1909.0,0.37296027,0.875,,,,,
25,1910.0,0.23850648,0.875,,,,,
25,1911.0,0.23025304,0.9375,,,,,
25,1912.0,0.22682387,0.9375,,,,,
25,1913.0,0.34897777,0.875,,,,,
25,1914.0,0.24227314,0.875,,,,,
25,1915.0,0.3412456,0.875,,,,,
25,1916.0,0.4016642,0.875,,,,,
25,1917.0,0.5910282,0.8125,,,,,
25,1918.0,0.4784555,0.8125,,,,,
25,1919.0,0.5698256,0.8125,,,,,
25,1920.0,0.5699957,0.75,,,,,
25,1921.0,0.47840226,0.8125,,,,,
25,1922.0,0.34302095,0.90625,,,,,
25,1923.0,0.31490862,0.90625,,,,,
25,1924.0,0.19700462,0.9375,,,,,
25,1925.0,0.36159608,0.875,,,,,
25,1926.0,0.5109952,0.7916666666666666,,,,,
25,,,,0.35923117,0.8711864406779661,0.8940116461519914,0.87125,0.8768748518834079
26,1927.0,0.4602329,0.875,,,,,
26,1928.0,0.21325412,0.96875,,,,,
26,1929.0,0.41293073,0.875,,,,,
26,1930.0,0.211329,0.9375,,,,,
26,1931.0,0.3086584,0.90625,,,,,
26,1932.0,0.47168362,0.84375,,,,,
26,1933.0,0.39927468,0.875,,,,,
26,1934.0,0.2943163,0.90625,,,,,
26,1935.0,0.4277982,0.8125,,,,,
26,1936.0,0.19702113,0.9375,,,,,
26,1937.0,0.4823171,0.84375,,,,,
26,1938.0,0.3211667,0.9375,,,,,
26,1939.0,0.2533923,0.90625,,,,,
26,1940.0,0.33772734,0.875,,,,,
26,1941.0,0.33782527,0.90625,,,,,
26,1942.0,0.2527363,0.90625,,,,,
26,1943.0,0.32717118,0.90625,,,,,
26,1944.0,0.47545823,0.875,,,,,
26,1945.0,0.4709975,0.875,,,,,
26,1946.0,0.20916198,0.90625,,,,,
26,1947.0,0.36884174,0.84375,,,,,
26,1948.0,0.7735721,0.75,,,,,
26,1949.0,0.36029354,0.90625,,,,,
26,1950.0,0.27882648,0.875,,,,,
26,1951.0,0.5274891,0.875,,,,,
26,1952.0,0.36429012,0.90625,,,,,
26,1953.0,0.27812582,0.9375,,,,,
26,1954.0,0.30824882,0.9375,,,,,
26,1955.0,0.26909554,0.9375,,,,,
26,1956.0,0.41381106,0.84375,,,,,
26,1957.0,0.36571193,0.875,,,,,
26,1958.0,0.21386175,0.9375,,,,,
26,1959.0,0.5619427,0.75,,,,,
26,1960.0,0.31412685,0.875,,,,,
26,1961.0,0.35665703,0.875,,,,,
26,1962.0,0.2117094,0.9375,,,,,
26,1963.0,0.11903102,0.9375,,,,,
26,1964.0,0.4132642,0.8125,,,,,
26,1965.0,0.38290727,0.84375,,,,,
26,1966.0,0.5852911,0.84375,,,,,
26,1967.0,0.50065434,0.8125,,,,,
26,1968.0,0.63550806,0.8125,,,,,
26,1969.0,0.5576802,0.875,,,,,
26,1970.0,0.25585485,0.90625,,,,,
26,1971.0,0.29261696,0.875,,,,,
26,1972.0,0.6278501,0.78125,,,,,
26,1973.0,0.26683775,0.875,,,,,
26,1974.0,0.3095803,0.875,,,,,
26,1975.0,0.3032276,0.84375,,,,,
26,1976.0,0.37300578,0.84375,,,,,
26,1977.0,0.30507234,0.875,,,,,
26,1978.0,0.46663934,0.8125,,,,,
26,1979.0,0.9370795,0.65625,,,,,
26,1980.0,0.4066666,0.875,,,,,
26,1981.0,0.39988723,0.875,,,,,
26,1982.0,0.20114812,0.90625,,,,,
26,1983.0,0.4305095,0.84375,,,,,
26,1984.0,0.5203576,0.84375,,,,,
26,1985.0,0.32553008,0.90625,,,,,
26,1986.0,0.34919038,0.84375,,,,,
26,1987.0,0.6718789,0.78125,,,,,
26,1988.0,0.39267004,0.875,,,,,
26,1989.0,0.1970103,0.96875,,,,,
26,1990.0,0.4193722,0.84375,,,,,
26,1991.0,0.3459737,0.84375,,,,,
26,1992.0,0.40956584,0.90625,,,,,
26,1993.0,0.2250023,0.9375,,,,,
26,1994.0,0.36657837,0.84375,,,,,
26,1995.0,0.3297959,0.9375,,,,,
26,1996.0,0.3286266,0.84375,,,,,
26,1997.0,0.6211125,0.8125,,,,,
26,1998.0,0.14122887,0.96875,,,,,
26,1999.0,0.4064106,0.84375,,,,,
26,2000.0,0.4368991,0.875,,,,,
26,,,,0.31448156,0.8847457627118644,0.9032304486135132,0.8850000000000001,0.8873353855642664
27,2001.0,0.31126297,0.875,,,,,
27,2002.0,0.47433123,0.84375,,,,,
27,2003.0,0.5140647,0.8125,,,,,
27,2004.0,0.25905463,0.96875,,,,,
27,2005.0,0.34731933,0.84375,,,,,
27,2006.0,0.44174784,0.8125,,,,,
27,2007.0,0.4836334,0.84375,,,,,
27,2008.0,0.27845395,0.90625,,,,,
27,2009.0,0.41842934,0.9375,,,,,
27,2010.0,0.43570957,0.84375,,,,,
27,2011.0,0.27062145,0.9375,,,,,
27,2012.0,0.3943485,0.90625,,,,,
27,2013.0,0.41342127,0.8125,,,,,
27,2014.0,0.34020433,0.875,,,,,
27,2015.0,0.36489674,0.84375,,,,,
27,2016.0,0.35061857,0.875,,,,,
27,2017.0,0.6750094,0.8125,,,,,
27,2018.0,0.33109528,0.875,,,,,
27,2019.0,0.31922647,0.875,,,,,
27,2020.0,0.33727077,0.875,,,,,
27,2021.0,0.3939911,0.875,,,,,
27,2022.0,0.52546227,0.8125,,,,,
27,2023.0,0.26432997,0.875,,,,,
27,2024.0,0.4925279,0.78125,,,,,
27,2025.0,0.29503816,0.90625,,,,,
27,2026.0,0.4723763,0.8125,,,,,
27,2027.0,0.38132766,0.8125,,,,,
27,2028.0,0.2589246,0.90625,,,,,
27,2029.0,0.13738553,0.96875,,,,,
27,2030.0,0.5378007,0.84375,,,,,
27,2031.0,0.54955727,0.8125,,,,,
27,2032.0,0.40748408,0.84375,,,,,
27,2033.0,0.2265543,0.9375,,,,,
27,2034.0,0.35534668,0.90625,,,,,
27,2035.0,0.54309833,0.78125,,,,,
27,2036.0,0.1838086,0.9375,,,,,
27,2037.0,0.1658126,1.0,,,,,
27,2038.0,0.2465057,0.875,,,,,
27,2039.0,0.34440532,0.875,,,,,
27,2040.0,0.4062921,0.875,,,,,
27,2041.0,0.33035976,0.875,,,,,
27,2042.0,0.43397382,0.84375,,,,,
27,2043.0,0.32691386,0.875,,,,,
27,2044.0,0.19470258,0.96875,,,,,
27,2045.0,0.40024415,0.84375,,,,,
27,2046.0,0.54506433,0.8125,,,,,
27,2047.0,0.344958,0.9375,,,,,
27,2048.0,0.55853647,0.78125,,,,,
27,2049.0,0.70521134,0.78125,,,,,
27,2050.0,0.3883354,0.875,,,,,
27,2051.0,0.108706206,0.96875,,,,,
27,2052.0,0.33334768,0.875,,,,,
27,2053.0,0.19272456,1.0,,,,,
27,2054.0,0.17731196,0.96875,,,,,
27,2055.0,0.30271783,0.90625,,,,,
27,2056.0,0.35496527,0.84375,,,,,
27,2057.0,0.39884102,0.84375,,,,,
27,2058.0,0.27025786,0.875,,,,,
27,2059.0,0.2652499,0.875,,,,,
27,2060.0,0.33540577,0.84375,,,,,
27,2061.0,0.28139302,0.90625,,,,,
27,2062.0,0.27006364,0.875,,,,,
27,2063.0,0.25990438,0.875,,,,,
27,2064.0,0.33793497,0.875,,,,,
27,2065.0,0.36159542,0.875,,,,,
27,2066.0,0.46595204,0.8125,,,,,
27,2067.0,0.4480664,0.8125,,,,,
27,2068.0,0.49573725,0.78125,,,,,
27,2069.0,0.33775434,0.90625,,,,,
27,2070.0,0.32855958,0.96875,,,,,
27,2071.0,0.3925769,0.78125,,,,,
27,2072.0,0.44236147,0.875,,,,,
27,2073.0,0.37137467,0.875,,,,,
27,2074.0,0.3809105,0.9583333333333334,,,,,
27,,,,0.31938863,0.8796610169491526,0.8978030354484958,0.8799999999999999,0.8848077686348491
28,2075.0,0.5510557,0.8125,,,,,
28,2076.0,0.38068083,0.84375,,,,,
28,2077.0,0.24653837,0.90625,,,,,
28,2078.0,0.44651654,0.875,,,,,
28,2079.0,0.2751804,0.90625,,,,,
28,2080.0,0.22583228,0.9375,,,,,
28,2081.0,0.4103624,0.84375,,,,,
28,2082.0,0.4217345,0.78125,,,,,
28,2083.0,0.47635812,0.84375,,,,,
28,2084.0,0.34973833,0.90625,,,,,
28,2085.0,0.23678465,0.875,,,,,
28,2086.0,0.41178343,0.84375,,,,,
28,2087.0,0.23091067,0.9375,,,,,
28,2088.0,0.5332229,0.75,,,,,
28,2089.0,0.28136292,0.875,,,,,
28,2090.0,0.6683373,0.78125,,,,,
28,2091.0,0.29961875,0.90625,,,,,
28,2092.0,0.23315993,0.96875,,,,,
28,2093.0,0.2888202,0.875,,,,,
28,2094.0,0.50407594,0.78125,,,,,
28,2095.0,0.46123704,0.875,,,,,
28,2096.0,0.20951286,0.9375,,,,,
28,2097.0,0.2961637,0.96875,,,,,
28,2098.0,0.42495182,0.84375,,,,,
28,2099.0,0.30336198,0.90625,,,,,
28,2100.0,0.18431163,0.96875,,,,,
28,2101.0,0.46243408,0.875,,,,,
28,2102.0,0.4895904,0.84375,,,,,
28,2103.0,0.35196793,0.875,,,,,
28,2104.0,0.35105613,0.90625,,,,,
28,2105.0,0.19330603,0.96875,,,,,
28,2106.0,0.50955963,0.8125,,,,,
28,2107.0,0.3557498,0.875,,,,,
28,2108.0,0.41946623,0.84375,,,,,
28,2109.0,0.37175488,0.875,,,,,
28,2110.0,0.43904084,0.875,,,,,
28,2111.0,0.6028614,0.75,,,,,
28,2112.0,0.39612123,0.875,,,,,
28,2113.0,0.35954878,0.875,,,,,
28,2114.0,0.12363903,0.96875,,,,,
28,2115.0,0.29067636,0.9375,,,,,
28,2116.0,0.31617332,0.90625,,,,,
28,2117.0,0.19534278,0.96875,,,,,
28,2118.0,0.34532288,0.9375,,,,,
28,2119.0,0.3205685,0.90625,,,,,
28,2120.0,0.3044474,0.90625,,,,,
28,2121.0,0.35364845,0.875,,,,,
28,2122.0,0.31165108,0.90625,,,,,
28,2123.0,0.5035891,0.90625,,,,,
28,2124.0,0.4210827,0.8125,,,,,
28,2125.0,0.4282934,0.8125,,,,,
28,2126.0,0.5038365,0.84375,,,,,
28,2127.0,0.3175593,0.90625,,,,,
28,2128.0,0.16740648,0.9375,,,,,
28,2129.0,0.21638878,0.9375,,,,,
28,2130.0,0.5162649,0.78125,,,,,
28,2131.0,0.17429802,0.96875,,,,,
28,2132.0,0.5169534,0.78125,,,,,
28,2133.0,0.40694648,0.875,,,,,
28,2134.0,0.38211182,0.875,,,,,
28,2135.0,0.3284326,0.90625,,,,,
28,2136.0,0.4388166,0.84375,,,,,
28,2137.0,0.23626496,0.9375,,,,,
28,2138.0,0.77643937,0.6875,,,,,
28,2139.0,0.24040177,0.90625,,,,,
28,2140.0,0.39594877,0.8125,,,,,
28,2141.0,0.3380729,0.9375,,,,,
28,2142.0,0.21716109,0.90625,,,,,
28,2143.0,0.38555107,0.84375,,,,,
28,2144.0,0.52401006,0.90625,,,,,
28,2145.0,0.4015937,0.90625,,,,,
28,2146.0,0.40058598,0.875,,,,,
28,2147.0,0.3594813,0.875,,,,,
28,2148.0,0.5617773,0.875,,,,,
28,,,,0.3083333,0.8762711864406779,0.8979361981109294,0.8762500000000001,0.8805872114772373
29,2149.0,0.5896409,0.8125,,,,,
29,2150.0,0.31900755,0.90625,,,,,
29,2151.0,0.6552652,0.78125,,,,,
29,2152.0,0.2560656,0.875,,,,,
29,2153.0,0.38324854,0.875,,,,,
29,2154.0,0.3606274,0.875,,,,,
29,2155.0,0.26800776,0.875,,,,,
29,2156.0,0.41734582,0.8125,,,,,
29,2157.0,0.23926759,0.875,,,,,
29,2158.0,0.2593781,0.90625,,,,,
29,2159.0,0.45970628,0.84375,,,,,
29,2160.0,0.32578677,0.90625,,,,,
29,2161.0,0.45909688,0.78125,,,,,
29,2162.0,0.38214818,0.84375,,,,,
29,2163.0,0.30669785,0.9375,,,,,
29,2164.0,0.44815385,0.8125,,,,,
29,2165.0,0.4186245,0.8125,,,,,
29,2166.0,0.055946082,1.0,,,,,
29,2167.0,0.16352786,0.96875,,,,,
29,2168.0,0.39832062,0.875,,,,,
29,2169.0,0.16900283,0.96875,,,,,
29,2170.0,0.2176444,0.90625,,,,,
29,2171.0,0.4332916,0.84375,,,,,
29,2172.0,0.22244397,0.9375,,,,,
29,2173.0,0.62756234,0.8125,,,,,
29,2174.0,0.28009394,0.90625,,,,,
29,2175.0,0.37788707,0.875,,,,,
29,2176.0,0.27054626,0.9375,,,,,
29,2177.0,0.35458472,0.875,,,,,
29,2178.0,0.31976455,0.90625,,,,,
29,2179.0,0.21874672,0.96875,,,,,
29,2180.0,0.24224126,0.96875,,,,,
29,2181.0,0.49060428,0.84375,,,,,
29,2182.0,0.24934827,0.90625,,,,,
29,2183.0,0.3435405,0.9375,,,,,
29,2184.0,0.26696774,0.90625,,,,,
29,2185.0,0.2961952,0.90625,,,,,
29,2186.0,0.64689225,0.71875,,,,,
29,2187.0,0.32993677,0.90625,,,,,
29,2188.0,0.20592143,0.9375,,,,,
29,2189.0,0.6292829,0.8125,,,,,
29,2190.0,0.1929824,0.9375,,,,,
29,2191.0,0.3781751,0.875,,,,,
29,2192.0,0.19517222,0.90625,,,,,
29,2193.0,0.41626072,0.875,,,,,
29,2194.0,0.38540453,0.875,,,,,
29,2195.0,0.2862573,0.875,,,,,
29,2196.0,0.31266797,0.9375,,,,,
29,2197.0,0.27971387,0.90625,,,,,
29,2198.0,0.28635684,0.875,,,,,
29,2199.0,0.24455285,0.90625,,,,,
29,2200.0,0.23434702,0.9375,,,,,
29,2201.0,0.48837534,0.8125,,,,,
29,2202.0,0.2758577,0.96875,,,,,
29,2203.0,0.26220065,0.90625,,,,,
29,2204.0,0.29162356,0.90625,,,,,
29,2205.0,0.4585005,0.8125,,,,,
29,2206.0,0.37460178,0.90625,,,,,
29,2207.0,0.4314844,0.78125,,,,,
29,2208.0,0.42261115,0.875,,,,,
29,2209.0,0.33752742,0.875,,,,,
29,2210.0,0.47105277,0.8125,,,,,
29,2211.0,0.37593362,0.875,,,,,
29,2212.0,0.5758405,0.8125,,,,,
29,2213.0,0.42019013,0.90625,,,,,
29,2214.0,0.19778045,0.96875,,,,,
29,2215.0,0.5793632,0.78125,,,,,
29,2216.0,0.21406779,0.9375,,,,,
29,2217.0,0.2156261,0.9375,,,,,
29,2218.0,0.29867995,0.84375,,,,,
29,2219.0,0.40119165,0.9375,,,,,
29,2220.0,0.5190126,0.9375,,,,,
29,2221.0,0.34821895,0.84375,,,,,
29,2222.0,0.3516514,0.9166666666666666,,,,,
29,,,,0.30654562,0.8898305084745762,0.9055410623709035,0.89,0.8938326984211392
30,2223.0,0.40940112,0.84375,,,,,
30,2224.0,0.41393036,0.84375,,,,,
30,2225.0,0.36536026,0.875,,,,,
30,2226.0,0.29381993,0.90625,,,,,
30,2227.0,0.370985,0.90625,,,,,
30,2228.0,0.30990553,0.96875,,,,,
30,2229.0,0.35158497,0.875,,,,,
30,2230.0,0.4248322,0.84375,,,,,
30,2231.0,0.28865469,0.9375,,,,,
30,2232.0,0.26848817,0.90625,,,,,
30,2233.0,0.40253374,0.875,,,,,
30,2234.0,0.45551452,0.84375,,,,,
30,2235.0,0.33488038,0.875,,,,,
30,2236.0,0.52279335,0.8125,,,,,
30,2237.0,0.25473136,0.90625,,,,,
30,2238.0,0.2033496,0.90625,,,,,
30,2239.0,0.15983921,0.9375,,,,,
30,2240.0,0.41842043,0.875,,,,,
30,2241.0,0.40847448,0.78125,,,,,
30,2242.0,0.38465264,0.78125,,,,,
30,2243.0,0.40895975,0.90625,,,,,
30,2244.0,0.26210606,0.875,,,,,
30,2245.0,0.37282574,0.9375,,,,,
30,2246.0,0.3141038,0.875,,,,,
30,2247.0,0.43247074,0.875,,,,,
30,2248.0,0.54963994,0.8125,,,,,
30,2249.0,0.39900902,0.90625,,,,,
30,2250.0,0.28722405,0.875,,,,,
30,2251.0,0.42225298,0.875,,,,,
30,2252.0,0.4282405,0.875,,,,,
30,2253.0,0.27065364,0.9375,,,,,
30,2254.0,0.34056136,0.8125,,,,,
30,2255.0,0.28649446,0.90625,,,,,
30,2256.0,0.4406571,0.8125,,,,,
30,2257.0,0.62473136,0.84375,,,,,
30,2258.0,0.41365305,0.875,,,,,
30,2259.0,0.33270693,0.90625,,,,,
30,2260.0,0.2286542,0.90625,,,,,
30,2261.0,0.38022128,0.8125,,,,,
30,2262.0,0.18564518,0.90625,,,,,
30,2263.0,0.30123204,0.8125,,,,,
30,2264.0,0.3515047,0.84375,,,,,
30,2265.0,0.35612708,0.84375,,,,,
30,2266.0,0.7101355,0.8125,,,,,
30,2267.0,0.43255252,0.78125,,,,,
30,2268.0,0.2847641,0.875,,,,,
30,2269.0,0.44824532,0.875,,,,,
30,2270.0,0.31035492,0.875,,,,,
30,2271.0,0.38136053,0.90625,,,,,
30,2272.0,0.47036523,0.84375,,,,,
30,2273.0,0.42449,0.84375,,,,,
30,2274.0,0.37170666,0.90625,,,,,
30,2275.0,0.2599449,0.9375,,,,,
30,2276.0,0.308416,0.90625,,,,,
30,2277.0,0.35431507,0.90625,,,,,
30,2278.0,0.35464993,0.84375,,,,,
30,2279.0,0.28770387,0.90625,,,,,
30,2280.0,0.20647022,1.0,,,,,
30,2281.0,0.28388786,0.90625,,,,,
30,2282.0,0.32187688,0.875,,,,,
30,2283.0,0.2611269,0.9375,,,,,
30,2284.0,0.21316448,0.90625,,,,,
30,2285.0,0.44077727,0.875,,,,,
30,2286.0,0.4972112,0.8125,,,,,
30,2287.0,0.38793227,0.90625,,,,,
30,2288.0,0.44676283,0.875,,,,,
30,2289.0,0.31681767,0.84375,,,,,
30,2290.0,0.413126,0.84375,,,,,
30,2291.0,0.35422584,0.84375,,,,,
30,2292.0,0.28902578,0.90625,,,,,
30,2293.0,0.2996959,0.9375,,,,,
30,2294.0,0.5098385,0.90625,,,,,
30,2295.0,0.39371783,0.9375,,,,,
30,2296.0,0.37737998,0.875,,,,,
30,,,,0.30870333,0.8949152542372881,0.9201137924575424,0.8949999999999999,0.8982817124170831
